,dataset_folder,name,position,mask_pxl
0,YV_20190427T083601_nrg,YV_20190427T083601_nrg,4480_4704,220
1,XV_20190527T083601_nrg,XV_20190527T083601_nrg,896_5824,873
2,YA_20190427T083601_nrg,YA_20190427T083601_nrg,6944_7840,135
3,XV_20190427T083601_nrg,XV_20190427T083601_nrg,5376_1344,1038
4,XV_20190527T083601_nrg,XV_20190527T083601_nrg,2464_2912,315
5,XA_20190427T083601_nrg,XA_20190427T083601_nrg,2688_9632,1612
6,XV_20190527T083601_nrg,XV_20190527T083601_nrg,1120_7392,220
7,YV_20190427T083601_nrg,YV_20190427T083601_nrg,1792_448,667
8,XV_20190427T083601_nrg,XV_20190427T083601_nrg,9408_10080,102
9,XA_20190427T083601_nrg,XA_20190427T083601_nrg,3584_8064,181
10,YA_20190427T083601_nrg,YA_20190427T083601_nrg,6944_448,52
11,XA_20190527T110449_nrg,XA_20190527T110449_nrg,2464_10304,186
12,XA_20190527T110449_nrg,XA_20190527T110449_nrg,4928_8064,942
13,XA_20190427T083601_nrg,XA_20190427T083601_nrg,4032_5376,700
14,YA_20190427T083601_nrg,YA_20190427T083601_nrg,2464_2912,708
15,XA_20190527T110449_nrg,XA_20190527T110449_nrg,6048_6944,928
16,XA_20190427T083601_nrg,XA_20190427T083601_nrg,7392_5152,2116
17,XA_20190527T110449_nrg,XA_20190527T110449_nrg,9408_8064,2295
18,YV_20190427T083601_nrg,YV_20190427T083601_nrg,9408_448,255
19,XV_20190427T083601_nrg,XV_20190427T083601_nrg,1344_6496,1242
20,XV_20190427T083601_nrg,XV_20190427T083601_nrg,9184_10304,640
21,WV_20190527T083601_nrg,WV_20190527T083601_nrg,4032_8512,1575
22,XA_20190527T110449_nrg,XA_20190527T110449_nrg,4928_8736,328
23,YA_20190527T083601_nrg,YA_20190527T083601_nrg,3136_5600,60
24,XV_20190427T083601_nrg,XV_20190427T083601_nrg,9856_9856,2693
25,YV_20190527T083601_nrg,YV_20190527T083601_nrg,0_896,924
26,YA_20190527T083601_nrg,YA_20190527T083601_nrg,6048_8512,42
27,YA_20190527T083601_nrg,YA_20190527T083601_nrg,5376_9632,357
28,YV_20190527T083601_nrg,YV_20190527T083601_nrg,224_2240,4977
29,YV_20190427T083601_nrg,YV_20190427T083601_nrg,0_8512,2988
30,YV_20190427T083601_nrg,YV_20190427T083601_nrg,224_2688,1872
31,XA_20190527T110449_nrg,XA_20190527T110449_nrg,5600_9632,206
32,YA_20190527T083601_nrg,YA_20190527T083601_nrg,1120_2464,68
33,XV_20190527T083601_nrg,XV_20190527T083601_nrg,9632_9856,591
34,XV_20190527T083601_nrg,XV_20190527T083601_nrg,6720_8512,459
35,XV_20190427T083601_nrg,XV_20190427T083601_nrg,3808_3360,1318
36,XV_20190527T083601_nrg,XV_20190527T083601_nrg,1792_7392,136
37,YA_20190527T083601_nrg,YA_20190527T083601_nrg,1568_896,30
38,XV_20190527T083601_nrg,XV_20190527T083601_nrg,6272_8960,1058
39,XA_20190527T110449_nrg,XA_20190527T110449_nrg,10752_6496,2213
40,YA_20190527T083601_nrg,YA_20190527T083601_nrg,1120_0,760
41,YA_20190527T083601_nrg,YA_20190527T083601_nrg,10080_2016,1445
42,XA_20190427T083601_nrg,XA_20190427T083601_nrg,6720_10080,315
43,XA_20190527T110449_nrg,XA_20190527T110449_nrg,5152_4256,52
44,YA_20190527T083601_nrg,YA_20190527T083601_nrg,9632_2240,867
45,XA_20190427T083601_nrg,XA_20190427T083601_nrg,6720_6048,222
46,XA_20190527T110449_nrg,XA_20190527T110449_nrg,6272_9184,1403
47,XA_20190527T110449_nrg,XA_20190527T110449_nrg,4480_4928,385
48,XV_20190527T083601_nrg,XV_20190527T083601_nrg,0_6496,696
49,YV_20190427T083601_nrg,YV_20190427T083601_nrg,9184_896,14
50,WV_20190527T083601_nrg,WV_20190527T083601_nrg,4928_8288,90
51,XA_20190427T083601_nrg,XA_20190427T083601_nrg,10080_8064,4791
52,WV_20190427T083601_nrg,WV_20190427T083601_nrg,2912_9632,315
53,YV_20190527T083601_nrg,YV_20190527T083601_nrg,1792_4928,648
54,XA_20190427T083601_nrg,XA_20190427T083601_nrg,10528_3360,475
55,XA_20190527T110449_nrg,XA_20190527T110449_nrg,6944_10528,52
56,YV_20190427T083601_nrg,YV_20190427T083601_nrg,9184_1120,29
57,YV_20190427T083601_nrg,YV_20190427T083601_nrg,10304_224,903
58,XV_20190427T083601_nrg,XV_20190427T083601_nrg,448_4704,2490
59,WV_20190427T083601_nrg,WV_20190427T083601_nrg,1792_9632,963
60,XV_20190527T083601_nrg,XV_20190527T083601_nrg,224_8064,6701
61,XV_20190427T083601_nrg,XV_20190427T083601_nrg,3808_5600,205
62,XV_20190427T083601_nrg,XV_20190427T083601_nrg,2912_5824,2378
63,YA_20190427T083601_nrg,YA_20190427T083601_nrg,2016_2688,3596
64,XV_20190427T083601_nrg,XV_20190427T083601_nrg,10304_6944,23
65,YV_20190427T083601_nrg,YV_20190427T083601_nrg,448_2016,1369
66,YA_20190427T083601_nrg,YA_20190427T083601_nrg,3808_5824,82
67,YV_20190427T083601_nrg,YV_20190427T083601_nrg,672_2240,486
68,XA_20190427T083601_nrg,XA_20190427T083601_nrg,2688_10528,674
69,XV_20190427T083601_nrg,XV_20190427T083601_nrg,1120_9184,680
70,XV_20190427T083601_nrg,XV_20190427T083601_nrg,1344_3360,324
71,WV_20190527T083601_nrg,WV_20190527T083601_nrg,2688_8064,108
72,XA_20190527T110449_nrg,XA_20190527T110449_nrg,9856_5376,544
73,YA_20190527T083601_nrg,YA_20190527T083601_nrg,6720_1120,240
74,XV_20190427T083601_nrg,XV_20190427T083601_nrg,448_8064,1016
75,YV_20190427T083601_nrg,YV_20190427T083601_nrg,1344_1792,320
76,XV_20190427T083601_nrg,XV_20190427T083601_nrg,672_4704,3167
77,XA_20190427T083601_nrg,XA_20190427T083601_nrg,6720_9856,2082
78,XV_20190427T083601_nrg,XV_20190427T083601_nrg,672_2240,1356
79,XA_20190427T083601_nrg,XA_20190427T083601_nrg,10528_2688,523
80,XV_20190427T083601_nrg,XV_20190427T083601_nrg,448_6048,528
81,WV_20190527T083601_nrg,WV_20190527T083601_nrg,224_8064,697
82,YA_20190527T083601_nrg,YA_20190527T083601_nrg,2464_3584,221
83,XV_20190527T083601_nrg,XV_20190527T083601_nrg,7840_6048,151
84,WV_20190527T083601_nrg,WV_20190527T083601_nrg,1792_8288,1663
85,XV_20190527T083601_nrg,XV_20190527T083601_nrg,3360_5824,39
86,YV_20190427T083601_nrg,YV_20190427T083601_nrg,10528_672,2740
87,XV_20190527T083601_nrg,XV_20190527T083601_nrg,672_2464,2178
88,XA_20190527T110449_nrg,XA_20190527T110449_nrg,6944_6944,86
89,WV_20190427T083601_nrg,WV_20190427T083601_nrg,3360_8288,1016
90,XA_20190527T110449_nrg,XA_20190527T110449_nrg,6720_5152,28
91,YA_20190527T083601_nrg,YA_20190527T083601_nrg,1344_2240,1274
92,XV_20190427T083601_nrg,XV_20190427T083601_nrg,0_8736,4190
93,YA_20190527T083601_nrg,YA_20190527T083601_nrg,1568_2464,466
94,YV_20190427T083601_nrg,YV_20190427T083601_nrg,448_896,1108
95,XA_20190527T110449_nrg,XA_20190527T110449_nrg,3808_7392,35
96,XV_20190427T083601_nrg,XV_20190427T083601_nrg,1568_7616,621
97,YV_20190527T083601_nrg,YV_20190527T083601_nrg,1344_4480,224
98,YA_20190427T083601_nrg,YA_20190427T083601_nrg,5152_8512,775
99,YV_20190527T083601_nrg,YV_20190527T083601_nrg,6720_672,1128
100,XV_20190527T083601_nrg,XV_20190527T083601_nrg,2912_5600,636
101,XA_20190427T083601_nrg,XA_20190427T083601_nrg,4032_4032,105
102,XA_20190527T110449_nrg,XA_20190527T110449_nrg,10304_3808,1632
103,XV_20190527T083601_nrg,XV_20190527T083601_nrg,9408_10080,102
104,YV_20190527T083601_nrg,YV_20190527T083601_nrg,2688_2688,427
105,XV_20190427T083601_nrg,XV_20190427T083601_nrg,2912_9184,249
106,XA_20190527T110449_nrg,XA_20190527T110449_nrg,3808_5824,4236
107,XA_20190527T110449_nrg,XA_20190527T110449_nrg,10752_4480,1441
108,XA_20190427T083601_nrg,XA_20190427T083601_nrg,3136_9632,881
109,XV_20190527T083601_nrg,XV_20190527T083601_nrg,896_9632,3355
110,XV_20190427T083601_nrg,XV_20190427T083601_nrg,10080_6720,447
111,XV_20190527T083601_nrg,XV_20190527T083601_nrg,3584_3584,1046
112,XA_20190527T110449_nrg,XA_20190527T110449_nrg,6048_3808,937
113,YA_20190427T083601_nrg,YA_20190427T083601_nrg,5824_5600,44
114,XA_20190427T083601_nrg,XA_20190427T083601_nrg,10304_0,329
115,XA_20190427T083601_nrg,XA_20190427T083601_nrg,6048_10752,375
116,YV_20190527T083601_nrg,YV_20190527T083601_nrg,1120_3808,273
117,YV_20190427T083601_nrg,YV_20190427T083601_nrg,1344_2240,259
118,WV_20190427T083601_nrg,WV_20190427T083601_nrg,2912_7840,2012
119,YA_20190527T083601_nrg,YA_20190527T083601_nrg,5824_9632,144
120,XV_20190527T083601_nrg,XV_20190527T083601_nrg,2240_5824,1617
121,XA_20190527T110449_nrg,XA_20190527T110449_nrg,10528_4256,412
122,YA_20190427T083601_nrg,YA_20190427T083601_nrg,6272_5152,186
123,YA_20190527T083601_nrg,YA_20190527T083601_nrg,7616_8960,29
124,YV_20190427T083601_nrg,YV_20190427T083601_nrg,672_2016,5203
125,YA_20190427T083601_nrg,YA_20190427T083601_nrg,10752_2688,2657
126,YA_20190527T083601_nrg,YA_20190527T083601_nrg,1792_3136,335
127,YA_20190427T083601_nrg,YA_20190427T083601_nrg,5376_8960,545
128,YA_20190427T083601_nrg,YA_20190427T083601_nrg,7616_6944,502
129,XV_20190427T083601_nrg,XV_20190427T083601_nrg,448_3136,1504
130,XA_20190427T083601_nrg,XA_20190427T083601_nrg,896_9856,264
131,XA_20190527T110449_nrg,XA_20190527T110449_nrg,3360_7392,552
132,YA_20190427T083601_nrg,YA_20190427T083601_nrg,1344_2240,1274
133,YA_20190427T083601_nrg,YA_20190427T083601_nrg,2464_224,186
134,XV_20190427T083601_nrg,XV_20190427T083601_nrg,2688_2688,1408
135,YV_20190427T083601_nrg,YV_20190427T083601_nrg,3584_448,100
136,XA_20190427T083601_nrg,XA_20190427T083601_nrg,4480_7840,90
137,XV_20190427T083601_nrg,XV_20190427T083601_nrg,672_6944,627
138,XV_20190427T083601_nrg,XV_20190427T083601_nrg,448_7616,27
139,XV_20190527T083601_nrg,XV_20190527T083601_nrg,9632_10080,494
140,YV_20190427T083601_nrg,YV_20190427T083601_nrg,0_896,924
141,YV_20190527T083601_nrg,YV_20190527T083601_nrg,1792_448,667
142,YA_20190427T083601_nrg,YA_20190427T083601_nrg,6496_8736,117
143,XV_20190527T083601_nrg,XV_20190527T083601_nrg,9184_10304,640
144,YV_20190527T083601_nrg,YV_20190527T083601_nrg,2240_0,231
145,YA_20190527T083601_nrg,YA_20190527T083601_nrg,9856_2240,4206
146,WV_20190527T083601_nrg,WV_20190527T083601_nrg,3360_8960,4935
147,WV_20190427T083601_nrg,WV_20190427T083601_nrg,10528_9184,95
148,YA_20190427T083601_nrg,YA_20190427T083601_nrg,1792_3136,335
149,XV_20190427T083601_nrg,XV_20190427T083601_nrg,3808_3584,136
150,XA_20190427T083601_nrg,XA_20190427T083601_nrg,4032_4256,156
151,XA_20190427T083601_nrg,XA_20190427T083601_nrg,9632_8512,650
152,YV_20190427T083601_nrg,YV_20190427T083601_nrg,1120_2016,592
153,XV_20190427T083601_nrg,XV_20190427T083601_nrg,0_6272,1505
154,XA_20190427T083601_nrg,XA_20190427T083601_nrg,8736_7168,122
155,XV_20190427T083601_nrg,XV_20190427T083601_nrg,0_10528,1097
156,XA_20190527T110449_nrg,XA_20190527T110449_nrg,2688_10752,179
157,XA_20190527T110449_nrg,XA_20190527T110449_nrg,4480_4032,127
158,XA_20190527T110449_nrg,XA_20190527T110449_nrg,10752_3360,924
159,YV_20190427T083601_nrg,YV_20190427T083601_nrg,1120_1792,3211
160,WV_20190527T083601_nrg,WV_20190527T083601_nrg,3360_8288,1016
161,XA_20190427T083601_nrg,XA_20190427T083601_nrg,9856_8288,1629
162,XV_20190527T083601_nrg,XV_20190527T083601_nrg,5376_1344,1038
163,XV_20190527T083601_nrg,XV_20190527T083601_nrg,1120_9408,2816
164,XV_20190427T083601_nrg,XV_20190427T083601_nrg,2912_9408,484
165,XV_20190527T083601_nrg,XV_20190527T083601_nrg,2912_9184,249
166,YA_20190527T083601_nrg,YA_20190527T083601_nrg,3136_4704,11
167,XA_20190427T083601_nrg,XA_20190427T083601_nrg,6944_7168,321
168,XA_20190527T110449_nrg,XA_20190527T110449_nrg,896_9856,264
169,XV_20190527T083601_nrg,XV_20190527T083601_nrg,672_4480,1735
170,XV_20190527T083601_nrg,XV_20190527T083601_nrg,0_6272,1505
171,XA_20190527T110449_nrg,XA_20190527T110449_nrg,4928_7840,368
172,XV_20190427T083601_nrg,XV_20190427T083601_nrg,3360_4256,59
173,XA_20190427T083601_nrg,XA_20190427T083601_nrg,9856_6496,3124
174,YA_20190427T083601_nrg,YA_20190427T083601_nrg,4256_0,134
175,XA_20190527T110449_nrg,XA_20190527T110449_nrg,4704_6944,162
176,XA_20190527T110449_nrg,XA_20190527T110449_nrg,3136_6272,103
177,YA_20190427T083601_nrg,YA_20190427T083601_nrg,4032_672,7
178,XV_20190527T083601_nrg,XV_20190527T083601_nrg,0_6944,1072
179,XV_20190527T083601_nrg,XV_20190527T083601_nrg,672_4704,3167
180,XV_20190527T083601_nrg,XV_20190527T083601_nrg,2240_5600,477
181,XA_20190527T110449_nrg,XA_20190527T110449_nrg,10752_4704,2122
182,XA_20190427T083601_nrg,XA_20190427T083601_nrg,6720_5600,911
183,XA_20190527T110449_nrg,XA_20190527T110449_nrg,4480_3808,1633
184,YA_20190427T083601_nrg,YA_20190427T083601_nrg,8736_8736,1087
185,YV_20190427T083601_nrg,YV_20190427T083601_nrg,2464_2912,165
186,YA_20190427T083601_nrg,YA_20190427T083601_nrg,2912_3360,801
187,YA_20190427T083601_nrg,YA_20190427T083601_nrg,2240_2912,1979
188,XA_20190427T083601_nrg,XA_20190427T083601_nrg,10080_10752,671
189,XV_20190527T083601_nrg,XV_20190527T083601_nrg,896_8512,453
190,YA_20190527T083601_nrg,YA_20190527T083601_nrg,4704_1344,34
191,XV_20190427T083601_nrg,XV_20190427T083601_nrg,7616_7168,4327
192,YA_20190427T083601_nrg,YA_20190427T083601_nrg,3360_2912,322
193,XA_20190427T083601_nrg,XA_20190427T083601_nrg,4256_10080,3
194,XA_20190527T110449_nrg,XA_20190527T110449_nrg,10752_5152,537
195,XA_20190427T083601_nrg,XA_20190427T083601_nrg,6720_9408,1098
196,YA_20190527T083601_nrg,YA_20190527T083601_nrg,3136_3584,260
197,YA_20190527T083601_nrg,YA_20190527T083601_nrg,3808_5824,82
198,WV_20190527T083601_nrg,WV_20190527T083601_nrg,3136_8288,982
199,YA_20190427T083601_nrg,YA_20190427T083601_nrg,10528_2240,486
200,YA_20190427T083601_nrg,YA_20190427T083601_nrg,3136_224,366
201,XV_20190427T083601_nrg,XV_20190427T083601_nrg,896_3136,1121
202,XA_20190527T110449_nrg,XA_20190527T110449_nrg,9184_8512,1630
203,XV_20190527T083601_nrg,XV_20190527T083601_nrg,10304_10752,1059
204,XV_20190527T083601_nrg,XV_20190527T083601_nrg,3808_2464,232
205,XA_20190427T083601_nrg,XA_20190427T083601_nrg,1568_10752,30
206,WV_20190427T083601_nrg,WV_20190427T083601_nrg,3136_7616,650
207,XA_20190427T083601_nrg,XA_20190427T083601_nrg,10528_2240,1137
208,YV_20190527T083601_nrg,YV_20190527T083601_nrg,2912_1568,11
209,XV_20190527T083601_nrg,XV_20190527T083601_nrg,0_8960,1194
210,WV_20190527T083601_nrg,WV_20190527T083601_nrg,0_9632,1610
211,XV_20190427T083601_nrg,XV_20190427T083601_nrg,2016_6944,1516
212,XA_20190427T083601_nrg,XA_20190427T083601_nrg,4256_8064,17
213,XA_20190527T110449_nrg,XA_20190527T110449_nrg,9184_8288,44
214,YA_20190427T083601_nrg,YA_20190427T083601_nrg,10080_672,1768
215,XA_20190527T110449_nrg,XA_20190527T110449_nrg,4704_4928,1584
216,YV_20190427T083601_nrg,YV_20190427T083601_nrg,896_2912,228
217,YA_20190527T083601_nrg,YA_20190527T083601_nrg,5600_8960,768
218,YA_20190427T083601_nrg,YA_20190427T083601_nrg,2912_4704,57
219,YV_20190427T083601_nrg,YV_20190427T083601_nrg,3584_1120,480
220,XA_20190527T110449_nrg,XA_20190527T110449_nrg,3808_5600,118
221,XA_20190427T083601_nrg,XA_20190427T083601_nrg,5600_3584,488
222,XA_20190527T110449_nrg,XA_20190527T110449_nrg,6720_5376,884
223,WV_20190427T083601_nrg,WV_20190427T083601_nrg,4032_8288,2140
224,WV_20190527T083601_nrg,WV_20190527T083601_nrg,2912_8064,655
225,YA_20190527T083601_nrg,YA_20190527T083601_nrg,6944_8960,198
226,XA_20190427T083601_nrg,XA_20190427T083601_nrg,6496_6272,405
227,XA_20190527T110449_nrg,XA_20190527T110449_nrg,6496_4032,305
228,XV_20190427T083601_nrg,XV_20190427T083601_nrg,3808_5824,1415
229,XA_20190527T110449_nrg,XA_20190527T110449_nrg,7392_4704,325
230,YV_20190427T083601_nrg,YV_20190427T083601_nrg,1792_2240,1860
231,YV_20190527T083601_nrg,YV_20190527T083601_nrg,2464_4032,719
232,XA_20190527T110449_nrg,XA_20190527T110449_nrg,2688_10304,656
233,XV_20190427T083601_nrg,XV_20190427T083601_nrg,1120_9408,2816
234,WV_20190427T083601_nrg,WV_20190427T083601_nrg,3360_8736,2160
235,XA_20190527T110449_nrg,XA_20190527T110449_nrg,3360_6048,83
236,XA_20190527T110449_nrg,XA_20190527T110449_nrg,3808_7616,261
237,YA_20190527T083601_nrg,YA_20190527T083601_nrg,8288_6496,50
238,XV_20190427T083601_nrg,XV_20190427T083601_nrg,3584_1120,1214
239,XV_20190427T083601_nrg,XV_20190427T083601_nrg,1792_7168,1513
240,XA_20190527T110449_nrg,XA_20190527T110449_nrg,3808_5376,19
241,XV_20190527T083601_nrg,XV_20190527T083601_nrg,224_8512,229
242,XV_20190427T083601_nrg,XV_20190427T083601_nrg,4032_10752,672
243,XA_20190527T110449_nrg,XA_20190527T110449_nrg,4928_8512,180
244,YV_20190427T083601_nrg,YV_20190427T083601_nrg,0_2464,1932
245,XV_20190427T083601_nrg,XV_20190427T083601_nrg,3584_10304,162
246,XA_20190527T110449_nrg,XA_20190527T110449_nrg,7392_5152,2116
247,XA_20190427T083601_nrg,XA_20190427T083601_nrg,5152_9408,83
248,XA_20190527T110449_nrg,XA_20190527T110449_nrg,10528_3584,436
249,WV_20190427T083601_nrg,WV_20190427T083601_nrg,1568_9184,4210
250,YA_20190527T083601_nrg,YA_20190527T083601_nrg,4928_9408,549
251,XA_20190527T110449_nrg,XA_20190527T110449_nrg,7168_8512,1420
252,XV_20190427T083601_nrg,XV_20190427T083601_nrg,1120_3136,4665
253,XV_20190427T083601_nrg,XV_20190427T083601_nrg,4256_8288,843
254,XV_20190427T083601_nrg,XV_20190427T083601_nrg,3136_5824,454
255,YA_20190427T083601_nrg,YA_20190427T083601_nrg,6048_9184,88
256,YV_20190427T083601_nrg,YV_20190427T083601_nrg,2016_4928,678
257,YV_20190527T083601_nrg,YV_20190527T083601_nrg,2016_448,3426
258,YA_20190527T083601_nrg,YA_20190527T083601_nrg,2688_1344,901
259,XA_20190427T083601_nrg,XA_20190427T083601_nrg,3360_9856,20
260,XV_20190527T083601_nrg,XV_20190527T083601_nrg,4704_3584,528
261,XV_20190427T083601_nrg,XV_20190427T083601_nrg,4480_1344,319
262,YA_20190427T083601_nrg,YA_20190427T083601_nrg,2688_2688,591
263,WV_20190427T083601_nrg,WV_20190427T083601_nrg,1792_8512,4588
264,XA_20190527T110449_nrg,XA_20190527T110449_nrg,4032_10304,200
265,WV_20190527T083601_nrg,WV_20190527T083601_nrg,3808_8288,298
266,XV_20190527T083601_nrg,XV_20190527T083601_nrg,224_8288,15
267,XA_20190527T110449_nrg,XA_20190527T110449_nrg,4480_4704,567
268,XV_20190427T083601_nrg,XV_20190427T083601_nrg,672_2688,629
269,YV_20190427T083601_nrg,YV_20190427T083601_nrg,6944_2688,1800
270,XA_20190427T083601_nrg,XA_20190427T083601_nrg,6944_10528,52
271,XA_20190527T110449_nrg,XA_20190527T110449_nrg,10304_10752,3200
272,YV_20190427T083601_nrg,YV_20190427T083601_nrg,2240_0,231
273,YA_20190427T083601_nrg,YA_20190427T083601_nrg,2464_3136,382
274,XV_20190427T083601_nrg,XV_20190427T083601_nrg,2464_7392,38
275,XA_20190527T110449_nrg,XA_20190527T110449_nrg,10080_7168,440
276,XV_20190527T083601_nrg,XV_20190527T083601_nrg,4032_10752,672
277,YV_20190527T083601_nrg,YV_20190527T083601_nrg,1568_3360,550
278,YA_20190527T083601_nrg,YA_20190527T083601_nrg,6272_5376,409
279,XA_20190527T110449_nrg,XA_20190527T110449_nrg,4256_8288,1341
280,XA_20190527T110449_nrg,XA_20190527T110449_nrg,9856_4480,1201
281,YA_20190427T083601_nrg,YA_20190427T083601_nrg,1344_2464,68
282,YV_20190427T083601_nrg,YV_20190427T083601_nrg,2464_4032,719
283,XV_20190427T083601_nrg,XV_20190427T083601_nrg,3360_1344,614
284,XA_20190527T110449_nrg,XA_20190527T110449_nrg,7392_4928,697
285,YA_20190427T083601_nrg,YA_20190427T083601_nrg,2912_3584,949
286,XV_20190427T083601_nrg,XV_20190427T083601_nrg,10528_10528,1836
287,YV_20190427T083601_nrg,YV_20190427T083601_nrg,4704_672,1039
288,WV_20190527T083601_nrg,WV_20190527T083601_nrg,1568_8064,1456
289,WV_20190527T083601_nrg,WV_20190527T083601_nrg,2912_8288,2946
290,YV_20190427T083601_nrg,YV_20190427T083601_nrg,4032_672,71
291,YV_20190527T083601_nrg,YV_20190527T083601_nrg,9184_224,1095
292,XV_20190427T083601_nrg,XV_20190427T083601_nrg,2912_2688,363
293,XV_20190427T083601_nrg,XV_20190427T083601_nrg,6048_8960,241
294,XA_20190527T110449_nrg,XA_20190527T110449_nrg,6048_5600,346
295,YA_20190527T083601_nrg,YA_20190527T083601_nrg,5600_9184,549
296,XA_20190527T110449_nrg,XA_20190527T110449_nrg,6048_10752,375
297,YA_20190427T083601_nrg,YA_20190427T083601_nrg,5376_9856,3
298,XV_20190427T083601_nrg,XV_20190427T083601_nrg,896_9408,5209
299,XV_20190427T083601_nrg,XV_20190427T083601_nrg,4480_1792,890
300,WV_20190527T083601_nrg,WV_20190527T083601_nrg,3136_8960,76
301,XA_20190527T110449_nrg,XA_20190527T110449_nrg,6272_4704,240
302,XA_20190427T083601_nrg,XA_20190427T083601_nrg,3136_9408,1111
303,XA_20190527T110449_nrg,XA_20190527T110449_nrg,6272_8736,1305
304,XV_20190427T083601_nrg,XV_20190427T083601_nrg,2016_10528,1431
305,XA_20190427T083601_nrg,XA_20190427T083601_nrg,10304_8064,5744
306,WV_20190427T083601_nrg,WV_20190427T083601_nrg,672_9184,196
307,YV_20190427T083601_nrg,YV_20190427T083601_nrg,448_1792,222
308,YA_20190427T083601_nrg,YA_20190427T083601_nrg,8736_7392,661
309,YV_20190527T083601_nrg,YV_20190527T083601_nrg,224_2464,3841
310,XA_20190427T083601_nrg,XA_20190427T083601_nrg,4704_4704,551
311,XV_20190427T083601_nrg,XV_20190427T083601_nrg,896_6048,1271
312,YV_20190427T083601_nrg,YV_20190427T083601_nrg,3808_3584,23
313,YA_20190427T083601_nrg,YA_20190427T083601_nrg,5600_8288,543
314,YV_20190427T083601_nrg,YV_20190427T083601_nrg,224_2464,3841
315,XA_20190427T083601_nrg,XA_20190427T083601_nrg,3808_5376,19
316,WV_20190427T083601_nrg,WV_20190427T083601_nrg,3136_9632,1
317,XV_20190527T083601_nrg,XV_20190527T083601_nrg,4256_1120,255
318,XV_20190527T083601_nrg,XV_20190527T083601_nrg,896_2240,426
319,XA_20190527T110449_nrg,XA_20190527T110449_nrg,6272_8960,785
320,XV_20190527T083601_nrg,XV_20190527T083601_nrg,224_7168,432
321,XV_20190427T083601_nrg,XV_20190427T083601_nrg,4256_896,234
322,XA_20190427T083601_nrg,XA_20190427T083601_nrg,9408_8288,36
323,XA_20190427T083601_nrg,XA_20190427T083601_nrg,2016_9856,70
324,YV_20190427T083601_nrg,YV_20190427T083601_nrg,1120_2688,786
325,WV_20190527T083601_nrg,WV_20190527T083601_nrg,2688_9184,401
326,XV_20190427T083601_nrg,XV_20190427T083601_nrg,224_6944,950
327,YV_20190527T083601_nrg,YV_20190527T083601_nrg,9408_896,377
328,XA_20190427T083601_nrg,XA_20190427T083601_nrg,7168_6496,123
329,XA_20190527T110449_nrg,XA_20190527T110449_nrg,6496_7392,1122
330,XA_20190427T083601_nrg,XA_20190427T083601_nrg,4928_4704,943
331,YA_20190427T083601_nrg,YA_20190427T083601_nrg,8064_6720,227
332,WV_20190527T083601_nrg,WV_20190527T083601_nrg,0_10080,1165
333,YA_20190427T083601_nrg,YA_20190427T083601_nrg,6720_1120,240
334,XA_20190527T110449_nrg,XA_20190527T110449_nrg,6272_3584,97
335,WV_20190527T083601_nrg,WV_20190527T083601_nrg,3360_9184,179
336,XV_20190427T083601_nrg,XV_20190427T083601_nrg,4480_896,1627
337,XA_20190527T110449_nrg,XA_20190527T110449_nrg,7168_5824,154
338,YV_20190527T083601_nrg,YV_20190527T083601_nrg,0_672,1097
339,WV_20190427T083601_nrg,WV_20190427T083601_nrg,4704_8736,679
340,YA_20190427T083601_nrg,YA_20190427T083601_nrg,2688_224,630
341,XA_20190427T083601_nrg,XA_20190427T083601_nrg,3584_5824,204
342,XV_20190527T083601_nrg,XV_20190527T083601_nrg,672_5824,504
343,XA_20190527T110449_nrg,XA_20190527T110449_nrg,5824_5600,263
344,WV_20190427T083601_nrg,WV_20190427T083601_nrg,4032_8512,1575
345,XA_20190527T110449_nrg,XA_20190527T110449_nrg,1120_10080,105
346,XV_20190427T083601_nrg,XV_20190427T083601_nrg,2912_8512,1334
347,YV_20190527T083601_nrg,YV_20190527T083601_nrg,3584_224,62
348,XA_20190427T083601_nrg,XA_20190427T083601_nrg,10304_10752,3200
349,XA_20190427T083601_nrg,XA_20190427T083601_nrg,4256_8960,170
350,WV_20190427T083601_nrg,WV_20190427T083601_nrg,2912_7616,46
351,XA_20190427T083601_nrg,XA_20190427T083601_nrg,6720_7392,41
352,XA_20190527T110449_nrg,XA_20190527T110449_nrg,7168_7168,452
353,YA_20190527T083601_nrg,YA_20190527T083601_nrg,2464_2912,708
354,WV_20190427T083601_nrg,WV_20190427T083601_nrg,4256_10752,1059
355,XA_20190427T083601_nrg,XA_20190427T083601_nrg,9856_7840,555
356,YV_20190427T083601_nrg,YV_20190427T083601_nrg,0_1120,534
357,YA_20190427T083601_nrg,YA_20190427T083601_nrg,9184_7616,604
358,XA_20190527T110449_nrg,XA_20190527T110449_nrg,6720_6272,202
359,XA_20190427T083601_nrg,XA_20190427T083601_nrg,6496_5376,5032
360,XA_20190527T110449_nrg,XA_20190527T110449_nrg,10528_2912,1154
361,YA_20190527T083601_nrg,YA_20190527T083601_nrg,4256_896,18
362,YA_20190427T083601_nrg,YA_20190427T083601_nrg,4480_896,41
363,WV_20190527T083601_nrg,WV_20190527T083601_nrg,2240_8512,1322
364,XA_20190527T110449_nrg,XA_20190527T110449_nrg,10752_6272,1595
365,XA_20190527T110449_nrg,XA_20190527T110449_nrg,10080_224,701
366,XA_20190527T110449_nrg,XA_20190527T110449_nrg,1568_10752,30
367,YV_20190427T083601_nrg,YV_20190427T083601_nrg,7840_3584,473
368,XA_20190527T110449_nrg,XA_20190527T110449_nrg,5376_4480,213
369,YA_20190427T083601_nrg,YA_20190427T083601_nrg,2688_1568,4124
370,YA_20190527T083601_nrg,YA_20190527T083601_nrg,10304_2912,269
371,XV_20190527T083601_nrg,XV_20190527T083601_nrg,4256_2016,315
372,XA_20190427T083601_nrg,XA_20190427T083601_nrg,6496_4256,21
373,WV_20190427T083601_nrg,WV_20190427T083601_nrg,2688_8288,1009
374,WV_20190527T083601_nrg,WV_20190527T083601_nrg,1344_8736,2498
375,XV_20190527T083601_nrg,XV_20190527T083601_nrg,2016_6720,425
376,XV_20190527T083601_nrg,XV_20190527T083601_nrg,1568_10528,798
377,XA_20190527T110449_nrg,XA_20190527T110449_nrg,10528_2688,523
378,XV_20190527T083601_nrg,XV_20190527T083601_nrg,1568_6720,288
379,YV_20190427T083601_nrg,YV_20190427T083601_nrg,448_2240,737
380,WV_20190527T083601_nrg,WV_20190527T083601_nrg,0_8736,2712
381,YV_20190527T083601_nrg,YV_20190527T083601_nrg,9408_224,190
382,XA_20190527T110449_nrg,XA_20190527T110449_nrg,9408_8736,520
383,WV_20190527T083601_nrg,WV_20190527T083601_nrg,672_9184,196
384,XA_20190527T110449_nrg,XA_20190527T110449_nrg,3360_5152,380
385,XA_20190427T083601_nrg,XA_20190427T083601_nrg,5824_3808,136
386,YV_20190527T083601_nrg,YV_20190527T083601_nrg,1792_3360,503
387,XV_20190527T083601_nrg,XV_20190527T083601_nrg,2464_9408,121
388,XA_20190527T110449_nrg,XA_20190527T110449_nrg,10528_4704,3341
389,WV_20190527T083601_nrg,WV_20190527T083601_nrg,6496_7840,149
390,XV_20190427T083601_nrg,XV_20190427T083601_nrg,448_3808,1632
391,YV_20190427T083601_nrg,YV_20190427T083601_nrg,672_2912,1
392,WV_20190527T083601_nrg,WV_20190527T083601_nrg,0_9856,386
393,XV_20190427T083601_nrg,XV_20190427T083601_nrg,2240_9632,2227
394,WV_20190427T083601_nrg,WV_20190427T083601_nrg,1568_9632,103
395,YA_20190527T083601_nrg,YA_20190527T083601_nrg,5824_8960,33
396,WV_20190427T083601_nrg,WV_20190427T083601_nrg,1568_8288,3184
397,XA_20190527T110449_nrg,XA_20190527T110449_nrg,2016_9856,70
398,XV_20190527T083601_nrg,XV_20190527T083601_nrg,3808_5824,1415
399,XA_20190527T110449_nrg,XA_20190527T110449_nrg,10528_6720,155
400,XV_20190427T083601_nrg,XV_20190427T083601_nrg,10304_9856,1559
401,XA_20190427T083601_nrg,XA_20190427T083601_nrg,5376_3808,312
402,XA_20190527T110449_nrg,XA_20190527T110449_nrg,5824_5824,16
403,XV_20190527T083601_nrg,XV_20190527T083601_nrg,448_4928,379
404,XV_20190527T083601_nrg,XV_20190527T083601_nrg,448_7616,27
405,YA_20190427T083601_nrg,YA_20190427T083601_nrg,3136_1568,577
406,XV_20190527T083601_nrg,XV_20190527T083601_nrg,1568_7616,621
407,YA_20190527T083601_nrg,YA_20190527T083601_nrg,9856_896,1010
408,YA_20190427T083601_nrg,YA_20190427T083601_nrg,3136_3360,769
409,XA_20190527T110449_nrg,XA_20190527T110449_nrg,8736_7168,122
410,YV_20190527T083601_nrg,YV_20190527T083601_nrg,4032_896,1067
411,YA_20190527T083601_nrg,YA_20190527T083601_nrg,2016_2688,3596
412,XV_20190427T083601_nrg,XV_20190427T083601_nrg,1120_8288,26
413,YA_20190427T083601_nrg,YA_20190427T083601_nrg,7168_9184,92
414,XA_20190427T083601_nrg,XA_20190427T083601_nrg,10528_10528,58
415,XA_20190427T083601_nrg,XA_20190427T083601_nrg,6720_7840,1607
416,WV_20190427T083601_nrg,WV_20190427T083601_nrg,2016_8064,185
417,WV_20190427T083601_nrg,WV_20190427T083601_nrg,7616_8064,160
418,XA_20190527T110449_nrg,XA_20190527T110449_nrg,6496_5376,5032
419,YA_20190427T083601_nrg,YA_20190427T083601_nrg,4704_1344,34
420,XV_20190527T083601_nrg,XV_20190527T083601_nrg,896_7168,288
421,XA_20190427T083601_nrg,XA_20190427T083601_nrg,6944_6944,86
422,YA_20190427T083601_nrg,YA_20190427T083601_nrg,2464_3808,241
423,XA_20190527T110449_nrg,XA_20190527T110449_nrg,9856_6272,125
424,XA_20190427T083601_nrg,XA_20190427T083601_nrg,3360_9408,1010
425,YA_20190527T083601_nrg,YA_20190527T083601_nrg,8736_7840,443
426,XA_20190527T110449_nrg,XA_20190527T110449_nrg,10752_2464,5462
427,YA_20190527T083601_nrg,YA_20190527T083601_nrg,2912_5376,823
428,XV_20190427T083601_nrg,XV_20190427T083601_nrg,9856_10528,459
429,XA_20190527T110449_nrg,XA_20190527T110449_nrg,10528_2240,1137
430,WV_20190427T083601_nrg,WV_20190427T083601_nrg,6048_7840,211
431,XA_20190427T083601_nrg,XA_20190427T083601_nrg,10752_6272,1595
432,WV_20190427T083601_nrg,WV_20190427T083601_nrg,4480_8736,455
433,YA_20190527T083601_nrg,YA_20190527T083601_nrg,7616_6944,502
434,XV_20190427T083601_nrg,XV_20190427T083601_nrg,2240_4704,234
435,XV_20190427T083601_nrg,XV_20190427T083601_nrg,3808_2688,1703
436,WV_20190527T083601_nrg,WV_20190527T083601_nrg,10528_8960,5
437,YA_20190427T083601_nrg,YA_20190427T083601_nrg,5600_9184,549
438,XV_20190527T083601_nrg,XV_20190527T083601_nrg,2688_9184,153
439,XA_20190427T083601_nrg,XA_20190427T083601_nrg,5824_5600,263
440,XA_20190427T083601_nrg,XA_20190427T083601_nrg,5824_5376,32
441,XA_20190427T083601_nrg,XA_20190427T083601_nrg,5152_4256,52
442,YA_20190527T083601_nrg,YA_20190527T083601_nrg,7840_6944,186
443,XA_20190527T110449_nrg,XA_20190527T110449_nrg,5152_9408,83
444,YV_20190527T083601_nrg,YV_20190527T083601_nrg,896_2016,754
445,YV_20190527T083601_nrg,YV_20190527T083601_nrg,3360_672,243
446,XA_20190527T110449_nrg,XA_20190527T110449_nrg,6496_6272,405
447,YA_20190427T083601_nrg,YA_20190427T083601_nrg,1792_1120,257
448,XA_20190427T083601_nrg,XA_20190427T083601_nrg,10080_7168,440
449,XV_20190527T083601_nrg,XV_20190527T083601_nrg,4480_4032,696
450,WV_20190427T083601_nrg,WV_20190427T083601_nrg,224_8288,1294
451,YA_20190427T083601_nrg,YA_20190427T083601_nrg,6272_5376,409
452,XV_20190427T083601_nrg,XV_20190427T083601_nrg,10304_10304,925
453,XV_20190427T083601_nrg,XV_20190427T083601_nrg,9856_10752,1466
454,XA_20190527T110449_nrg,XA_20190527T110449_nrg,6944_4480,226
455,YV_20190427T083601_nrg,YV_20190427T083601_nrg,1120_4256,1503
456,YA_20190527T083601_nrg,YA_20190527T083601_nrg,4256_0,134
457,XV_20190427T083601_nrg,XV_20190427T083601_nrg,1120_2464,2049
458,YV_20190427T083601_nrg,YV_20190427T083601_nrg,1568_3360,550
459,XA_20190427T083601_nrg,XA_20190427T083601_nrg,5376_4032,405
460,XA_20190427T083601_nrg,XA_20190427T083601_nrg,4704_4256,288
461,XA_20190427T083601_nrg,XA_20190427T083601_nrg,8512_7392,136
462,XA_20190427T083601_nrg,XA_20190427T083601_nrg,10304_3808,1632
463,YA_20190427T083601_nrg,YA_20190427T083601_nrg,3136_4704,11
464,YA_20190427T083601_nrg,YA_20190427T083601_nrg,2464_4032,180
465,YA_20190427T083601_nrg,YA_20190427T083601_nrg,1344_2688,69
466,YA_20190427T083601_nrg,YA_20190427T083601_nrg,6496_8288,360
467,YA_20190527T083601_nrg,YA_20190527T083601_nrg,6496_8288,360
468,XV_20190527T083601_nrg,XV_20190527T083601_nrg,224_7616,2733
469,XA_20190427T083601_nrg,XA_20190427T083601_nrg,5376_4704,20
470,XV_20190527T083601_nrg,XV_20190527T083601_nrg,7840_9856,773
471,XA_20190427T083601_nrg,XA_20190427T083601_nrg,6048_3584,231
472,XV_20190527T083601_nrg,XV_20190527T083601_nrg,224_8960,607
473,YA_20190427T083601_nrg,YA_20190427T083601_nrg,1120_224,9
474,XA_20190527T110449_nrg,XA_20190527T110449_nrg,10304_4928,368
475,YV_20190427T083601_nrg,YV_20190427T083601_nrg,2016_3584,951
476,XA_20190527T110449_nrg,XA_20190527T110449_nrg,4032_5152,95
477,XA_20190427T083601_nrg,XA_20190427T083601_nrg,6272_7616,218
478,XA_20190427T083601_nrg,XA_20190427T083601_nrg,6944_6496,2
479,XA_20190427T083601_nrg,XA_20190427T083601_nrg,5152_4928,504
480,XV_20190527T083601_nrg,XV_20190527T083601_nrg,3808_3360,1318
481,XV_20190527T083601_nrg,XV_20190527T083601_nrg,2016_10528,1431
482,XV_20190427T083601_nrg,XV_20190427T083601_nrg,0_6496,696
483,XA_20190427T083601_nrg,XA_20190427T083601_nrg,1120_9856,1792
484,YA_20190427T083601_nrg,YA_20190427T083601_nrg,2912_1568,336
485,YV_20190527T083601_nrg,YV_20190527T083601_nrg,2240_4704,34
486,XV_20190527T083601_nrg,XV_20190527T083601_nrg,1120_8512,127
487,XA_20190527T110449_nrg,XA_20190527T110449_nrg,9408_8288,36
488,YA_20190527T083601_nrg,YA_20190527T083601_nrg,6944_448,52
489,XV_20190427T083601_nrg,XV_20190427T083601_nrg,896_2688,2641
490,XA_20190527T110449_nrg,XA_20190527T110449_nrg,5824_6720,121
491,XA_20190527T110449_nrg,XA_20190527T110449_nrg,6720_10304,50
492,XV_20190427T083601_nrg,XV_20190427T083601_nrg,448_10528,473
493,XA_20190427T083601_nrg,XA_20190427T083601_nrg,4480_4480,741
494,YA_20190427T083601_nrg,YA_20190427T083601_nrg,2688_4032,41
495,XA_20190427T083601_nrg,XA_20190427T083601_nrg,10304_6720,52
496,YV_20190527T083601_nrg,YV_20190527T083601_nrg,2688_1792,117
497,XV_20190427T083601_nrg,XV_20190427T083601_nrg,9184_10080,455
498,XV_20190527T083601_nrg,XV_20190527T083601_nrg,9856_10752,1466
499,XA_20190427T083601_nrg,XA_20190427T083601_nrg,5376_9408,564
500,YA_20190527T083601_nrg,YA_20190527T083601_nrg,4032_224,200
501,XV_20190427T083601_nrg,XV_20190427T083601_nrg,3360_1568,897
502,XA_20190427T083601_nrg,XA_20190427T083601_nrg,6496_8064,113
503,YA_20190527T083601_nrg,YA_20190527T083601_nrg,8288_6272,406
504,XV_20190427T083601_nrg,XV_20190427T083601_nrg,224_8064,6701
505,XA_20190527T110449_nrg,XA_20190527T110449_nrg,6720_9408,1098
506,YA_20190427T083601_nrg,YA_20190427T083601_nrg,8960_8064,1663
507,XA_20190527T110449_nrg,XA_20190527T110449_nrg,4032_4032,105
508,YV_20190427T083601_nrg,YV_20190427T083601_nrg,2912_4032,570
509,YV_20190427T083601_nrg,YV_20190427T083601_nrg,672_2688,3002
510,XA_20190527T110449_nrg,XA_20190527T110449_nrg,4704_4480,274
511,YA_20190527T083601_nrg,YA_20190527T083601_nrg,3584_5376,65
512,XA_20190427T083601_nrg,XA_20190427T083601_nrg,4704_6944,162
513,XA_20190427T083601_nrg,XA_20190427T083601_nrg,5600_3360,9
514,XA_20190427T083601_nrg,XA_20190427T083601_nrg,7168_8512,1420
515,YV_20190527T083601_nrg,YV_20190527T083601_nrg,9184_1120,29
516,XA_20190527T110449_nrg,XA_20190527T110449_nrg,10528_4032,434
517,YA_20190527T083601_nrg,YA_20190527T083601_nrg,10528_2240,486
518,XV_20190527T083601_nrg,XV_20190527T083601_nrg,3136_5824,454
519,WV_20190527T083601_nrg,WV_20190527T083601_nrg,1792_9632,963
520,XA_20190427T083601_nrg,XA_20190427T083601_nrg,10752_6048,293
521,WV_20190527T083601_nrg,WV_20190527T083601_nrg,0_9408,20
522,YA_20190527T083601_nrg,YA_20190527T083601_nrg,10080_672,1768
523,YA_20190527T083601_nrg,YA_20190527T083601_nrg,6944_0,1313
524,XV_20190527T083601_nrg,XV_20190527T083601_nrg,0_4032,1094
525,YV_20190527T083601_nrg,YV_20190527T083601_nrg,2240_448,850
526,WV_20190527T083601_nrg,WV_20190527T083601_nrg,896_9408,1245
527,XA_20190527T110449_nrg,XA_20190527T110449_nrg,2016_9408,717
528,XA_20190427T083601_nrg,XA_20190427T083601_nrg,10304_7616,2760
529,YA_20190427T083601_nrg,YA_20190427T083601_nrg,10080_1120,534
530,YA_20190527T083601_nrg,YA_20190527T083601_nrg,5824_0,210
531,YA_20190427T083601_nrg,YA_20190427T083601_nrg,10304_2464,2190
532,XA_20190427T083601_nrg,XA_20190427T083601_nrg,3808_7392,35
533,YA_20190527T083601_nrg,YA_20190527T083601_nrg,3136_1344,860
534,XA_20190427T083601_nrg,XA_20190427T083601_nrg,3584_5152,166
535,XV_20190527T083601_nrg,XV_20190527T083601_nrg,896_8064,345
536,XV_20190527T083601_nrg,XV_20190527T083601_nrg,4256_672,1763
537,XA_20190427T083601_nrg,XA_20190427T083601_nrg,5152_4032,108
538,XA_20190527T110449_nrg,XA_20190527T110449_nrg,6048_5152,1589
539,YV_20190527T083601_nrg,YV_20190527T083601_nrg,0_2016,553
540,YV_20190427T083601_nrg,YV_20190427T083601_nrg,8288_3360,468
541,YA_20190527T083601_nrg,YA_20190527T083601_nrg,2464_1568,1500
542,WV_20190527T083601_nrg,WV_20190527T083601_nrg,3136_8064,2278
543,XA_20190427T083601_nrg,XA_20190427T083601_nrg,4928_8512,180
544,XA_20190527T110449_nrg,XA_20190527T110449_nrg,5152_7840,2800
545,WV_20190427T083601_nrg,WV_20190427T083601_nrg,5376_8736,199
546,XA_20190527T110449_nrg,XA_20190527T110449_nrg,5824_9856,324
547,XV_20190427T083601_nrg,XV_20190427T083601_nrg,6272_8736,1485
548,XA_20190427T083601_nrg,XA_20190427T083601_nrg,6048_5376,768
549,YA_20190427T083601_nrg,YA_20190427T083601_nrg,5824_8288,163
550,XV_20190527T083601_nrg,XV_20190527T083601_nrg,1792_9632,601
551,YA_20190427T083601_nrg,YA_20190427T083601_nrg,8288_6272,406
552,YA_20190527T083601_nrg,YA_20190527T083601_nrg,3808_5600,15
553,XV_20190427T083601_nrg,XV_20190427T083601_nrg,2464_9632,393
554,XV_20190527T083601_nrg,XV_20190527T083601_nrg,3360_5600,1289
555,XV_20190427T083601_nrg,XV_20190427T083601_nrg,10304_10752,1059
556,XA_20190527T110449_nrg,XA_20190527T110449_nrg,9856_7840,555
557,YA_20190427T083601_nrg,YA_20190427T083601_nrg,5824_8736,92
558,YV_20190427T083601_nrg,YV_20190427T083601_nrg,1344_2464,4298
559,XV_20190527T083601_nrg,XV_20190527T083601_nrg,1344_7392,576
560,YA_20190427T083601_nrg,YA_20190427T083601_nrg,9632_2016,412
561,YA_20190527T083601_nrg,YA_20190527T083601_nrg,1344_2464,68
562,XA_20190527T110449_nrg,XA_20190527T110449_nrg,6944_5824,95
563,XA_20190527T110449_nrg,XA_20190527T110449_nrg,10080_7840,932
564,YA_20190427T083601_nrg,YA_20190427T083601_nrg,4928_4480,1301
565,YV_20190427T083601_nrg,YV_20190427T083601_nrg,9856_672,1925
566,XV_20190427T083601_nrg,XV_20190427T083601_nrg,672_4032,92
567,XA_20190527T110449_nrg,XA_20190527T110449_nrg,7840_7840,368
568,YV_20190527T083601_nrg,YV_20190527T083601_nrg,9184_896,14
569,XA_20190527T110449_nrg,XA_20190527T110449_nrg,6944_10080,1096
570,XA_20190527T110449_nrg,XA_20190527T110449_nrg,1120_10304,9
571,XV_20190527T083601_nrg,XV_20190527T083601_nrg,3584_4256,2051
572,YA_20190527T083601_nrg,YA_20190527T083601_nrg,6496_1120,677
573,YA_20190527T083601_nrg,YA_20190527T083601_nrg,6944_224,209
574,XA_20190427T083601_nrg,XA_20190427T083601_nrg,9856_6272,125
575,YA_20190527T083601_nrg,YA_20190527T083601_nrg,4480_4480,53
576,YA_20190527T083601_nrg,YA_20190527T083601_nrg,6720_8736,345
577,XV_20190527T083601_nrg,XV_20190527T083601_nrg,1792_10304,558
578,XV_20190527T083601_nrg,XV_20190527T083601_nrg,9632_10528,98
579,WV_20190427T083601_nrg,WV_20190427T083601_nrg,2464_8288,395
580,XV_20190527T083601_nrg,XV_20190527T083601_nrg,3360_1568,897
581,XA_20190527T110449_nrg,XA_20190527T110449_nrg,6944_6496,2
582,YV_20190527T083601_nrg,YV_20190527T083601_nrg,7840_2912,2424
583,YA_20190527T083601_nrg,YA_20190527T083601_nrg,9408_6944,464
584,YV_20190427T083601_nrg,YV_20190427T083601_nrg,1792_3360,503
585,XV_20190527T083601_nrg,XV_20190527T083601_nrg,448_10752,2593
586,YA_20190527T083601_nrg,YA_20190527T083601_nrg,9856_1344,327
587,YV_20190427T083601_nrg,YV_20190427T083601_nrg,1568_672,463
588,XA_20190527T110449_nrg,XA_20190527T110449_nrg,5824_10752,2437
589,XA_20190427T083601_nrg,XA_20190427T083601_nrg,10752_5824,68
590,YV_20190427T083601_nrg,YV_20190427T083601_nrg,10080_0,3702
591,XA_20190527T110449_nrg,XA_20190527T110449_nrg,9856_8288,1629
592,XV_20190427T083601_nrg,XV_20190427T083601_nrg,224_10752,2206
593,XA_20190427T083601_nrg,XA_20190427T083601_nrg,3808_4256,1149
594,XV_20190427T083601_nrg,XV_20190427T083601_nrg,896_3808,1951
595,XV_20190527T083601_nrg,XV_20190527T083601_nrg,2464_7168,693
596,YA_20190527T083601_nrg,YA_20190527T083601_nrg,4928_9632,4
597,YV_20190527T083601_nrg,YV_20190527T083601_nrg,10304_448,770
598,XA_20190427T083601_nrg,XA_20190427T083601_nrg,6048_6720,232
599,WV_20190527T083601_nrg,WV_20190527T083601_nrg,3136_9184,779
600,XA_20190527T110449_nrg,XA_20190527T110449_nrg,6048_5376,768
601,XA_20190427T083601_nrg,XA_20190427T083601_nrg,3360_9632,165
602,YV_20190527T083601_nrg,YV_20190527T083601_nrg,448_2240,737
603,XA_20190527T110449_nrg,XA_20190527T110449_nrg,6272_5600,1124
604,WV_20190427T083601_nrg,WV_20190427T083601_nrg,2016_7840,1386
605,XV_20190527T083601_nrg,XV_20190527T083601_nrg,8512_4928,51
606,XA_20190427T083601_nrg,XA_20190427T083601_nrg,1568_10304,1377
607,YV_20190527T083601_nrg,YV_20190527T083601_nrg,10304_224,903
608,YA_20190427T083601_nrg,YA_20190427T083601_nrg,8288_7392,173
609,XA_20190527T110449_nrg,XA_20190527T110449_nrg,2240_10752,1799
610,XV_20190427T083601_nrg,XV_20190427T083601_nrg,2688_8736,307
611,XA_20190427T083601_nrg,XA_20190427T083601_nrg,9632_8736,385
612,XV_20190527T083601_nrg,XV_20190527T083601_nrg,0_7840,1098
613,WV_20190427T083601_nrg,WV_20190427T083601_nrg,4032_7840,304
614,XA_20190427T083601_nrg,XA_20190427T083601_nrg,6272_3584,97
615,XA_20190427T083601_nrg,XA_20190427T083601_nrg,10304_10528,415
616,YA_20190527T083601_nrg,YA_20190527T083601_nrg,8736_7392,661
617,WV_20190427T083601_nrg,WV_20190427T083601_nrg,448_8064,1189
618,XV_20190527T083601_nrg,XV_20190527T083601_nrg,4032_6496,606
619,XV_20190427T083601_nrg,XV_20190427T083601_nrg,2016_10080,1288
620,WV_20190427T083601_nrg,WV_20190427T083601_nrg,6272_7840,311
621,XA_20190527T110449_nrg,XA_20190527T110449_nrg,4704_3808,124
622,XV_20190427T083601_nrg,XV_20190427T083601_nrg,3808_2464,232
623,XA_20190527T110449_nrg,XA_20190527T110449_nrg,10304_7616,2760
624,XA_20190527T110449_nrg,XA_20190527T110449_nrg,10080_8288,993
625,XA_20190427T083601_nrg,XA_20190427T083601_nrg,10080_224,701
626,XV_20190427T083601_nrg,XV_20190427T083601_nrg,10080_6944,636
627,YA_20190527T083601_nrg,YA_20190527T083601_nrg,2688_224,630
628,XA_20190527T110449_nrg,XA_20190527T110449_nrg,6720_4704,260
629,XA_20190527T110449_nrg,XA_20190527T110449_nrg,10080_6944,1212
630,XA_20190527T110449_nrg,XA_20190527T110449_nrg,10304_7392,1338
631,YA_20190527T083601_nrg,YA_20190527T083601_nrg,7168_9184,92
632,YV_20190527T083601_nrg,YV_20190527T083601_nrg,2464_448,119
633,XA_20190527T110449_nrg,XA_20190527T110449_nrg,6720_4256,37
634,YA_20190427T083601_nrg,YA_20190427T083601_nrg,10080_2016,1445
635,XV_20190527T083601_nrg,XV_20190527T083601_nrg,9632_9632,288
636,YA_20190527T083601_nrg,YA_20190527T083601_nrg,10752_2016,5041
637,XV_20190527T083601_nrg,XV_20190527T083601_nrg,9408_8512,287
638,YV_20190527T083601_nrg,YV_20190527T083601_nrg,1792_224,282
639,WV_20190527T083601_nrg,WV_20190527T083601_nrg,672_8960,3324
640,XA_20190527T110449_nrg,XA_20190527T110449_nrg,10080_8512,1592
641,YA_20190527T083601_nrg,YA_20190527T083601_nrg,5152_8736,2028
642,YA_20190427T083601_nrg,YA_20190427T083601_nrg,5600_8064,405
643,YA_20190527T083601_nrg,YA_20190527T083601_nrg,6048_9408,22
644,XA_20190527T110449_nrg,XA_20190527T110449_nrg,10752_5824,68
645,WV_20190527T083601_nrg,WV_20190527T083601_nrg,0_10304,540
646,YA_20190427T083601_nrg,YA_20190427T083601_nrg,2016_896,231
647,XV_20190527T083601_nrg,XV_20190527T083601_nrg,8288_5152,281
648,XV_20190527T083601_nrg,XV_20190527T083601_nrg,4704_10528,2388
649,XV_20190527T083601_nrg,XV_20190527T083601_nrg,8064_8288,255
650,XA_20190427T083601_nrg,XA_20190427T083601_nrg,4256_10752,262
651,WV_20190427T083601_nrg,WV_20190427T083601_nrg,2240_8512,1322
652,XV_20190527T083601_nrg,XV_20190527T083601_nrg,2016_9632,2704
653,XV_20190427T083601_nrg,XV_20190427T083601_nrg,2464_5600,502
654,XV_20190527T083601_nrg,XV_20190527T083601_nrg,9856_9408,987
655,XV_20190527T083601_nrg,XV_20190527T083601_nrg,448_5152,412
656,XV_20190427T083601_nrg,XV_20190427T083601_nrg,224_8288,15
657,XV_20190527T083601_nrg,XV_20190527T083601_nrg,672_3584,1082
658,XA_20190427T083601_nrg,XA_20190427T083601_nrg,4928_8736,328
659,YA_20190427T083601_nrg,YA_20190427T083601_nrg,6944_8960,198
660,XA_20190527T110449_nrg,XA_20190527T110449_nrg,10304_3584,750
661,YA_20190427T083601_nrg,YA_20190427T083601_nrg,3136_4480,4
662,XA_20190427T083601_nrg,XA_20190427T083601_nrg,10528_6272,315
663,YA_20190527T083601_nrg,YA_20190527T083601_nrg,4256_4480,72
664,XA_20190527T110449_nrg,XA_20190527T110449_nrg,4032_5376,700
665,WV_20190427T083601_nrg,WV_20190427T083601_nrg,1120_8736,16
666,XA_20190427T083601_nrg,XA_20190427T083601_nrg,3584_8512,71
667,XA_20190527T110449_nrg,XA_20190527T110449_nrg,1120_9856,1792
668,YV_20190527T083601_nrg,YV_20190527T083601_nrg,3808_4704,346
669,WV_20190427T083601_nrg,WV_20190427T083601_nrg,2464_8736,660
670,WV_20190427T083601_nrg,WV_20190427T083601_nrg,1792_8736,734
671,XA_20190527T110449_nrg,XA_20190527T110449_nrg,10304_2912,1615
672,YV_20190527T083601_nrg,YV_20190527T083601_nrg,1792_5152,289
673,XA_20190527T110449_nrg,XA_20190527T110449_nrg,3360_9408,1010
674,YV_20190527T083601_nrg,YV_20190527T083601_nrg,1568_1792,4460
675,XA_20190427T083601_nrg,XA_20190427T083601_nrg,6720_5824,4345
676,WV_20190427T083601_nrg,WV_20190427T083601_nrg,224_10080,586
677,WV_20190527T083601_nrg,WV_20190527T083601_nrg,3360_8064,1044
678,YA_20190427T083601_nrg,YA_20190427T083601_nrg,1792_0,44
679,WV_20190427T083601_nrg,WV_20190427T083601_nrg,3584_8736,723
680,XV_20190427T083601_nrg,XV_20190427T083601_nrg,1120_7616,437
681,XA_20190427T083601_nrg,XA_20190427T083601_nrg,5824_6272,727
682,YV_20190427T083601_nrg,YV_20190427T083601_nrg,2912_1792,3422
683,YV_20190527T083601_nrg,YV_20190527T083601_nrg,1344_2464,4298
684,YV_20190527T083601_nrg,YV_20190527T083601_nrg,224_1120,362
685,XA_20190527T110449_nrg,XA_20190527T110449_nrg,8960_6720,18
686,WV_20190527T083601_nrg,WV_20190527T083601_nrg,2912_7840,2012
687,YA_20190527T083601_nrg,YA_20190527T083601_nrg,9184_7840,617
688,YA_20190427T083601_nrg,YA_20190427T083601_nrg,2464_1568,1500
689,WV_20190527T083601_nrg,WV_20190527T083601_nrg,2464_8960,380
690,XV_20190427T083601_nrg,XV_20190427T083601_nrg,6496_8512,295
691,WV_20190527T083601_nrg,WV_20190527T083601_nrg,4032_8288,2140
692,YA_20190427T083601_nrg,YA_20190427T083601_nrg,7840_6944,186
693,YA_20190527T083601_nrg,YA_20190527T083601_nrg,3136_5824,448
694,XV_20190427T083601_nrg,XV_20190427T083601_nrg,224_9184,411
695,XA_20190527T110449_nrg,XA_20190527T110449_nrg,10304_0,329
696,WV_20190427T083601_nrg,WV_20190427T083601_nrg,4256_10528,945
697,XA_20190527T110449_nrg,XA_20190527T110449_nrg,5600_3360,9
698,YA_20190527T083601_nrg,YA_20190527T083601_nrg,1792_1120,257
699,YA_20190427T083601_nrg,YA_20190427T083601_nrg,6944_224,209
700,XA_20190427T083601_nrg,XA_20190427T083601_nrg,4704_4032,573
701,XA_20190527T110449_nrg,XA_20190527T110449_nrg,5376_6944,794
702,YV_20190427T083601_nrg,YV_20190427T083601_nrg,1344_2016,725
703,XA_20190427T083601_nrg,XA_20190427T083601_nrg,9856_4480,1201
704,YA_20190527T083601_nrg,YA_20190527T083601_nrg,10752_2464,777
705,XA_20190427T083601_nrg,XA_20190427T083601_nrg,6720_5376,884
706,XV_20190527T083601_nrg,XV_20190527T083601_nrg,896_6048,1271
707,YA_20190427T083601_nrg,YA_20190427T083601_nrg,6944_0,1313
708,XV_20190427T083601_nrg,XV_20190427T083601_nrg,2464_2240,528
709,YV_20190527T083601_nrg,YV_20190527T083601_nrg,7840_2688,654
710,XA_20190427T083601_nrg,XA_20190427T083601_nrg,6048_5600,346
711,XV_20190527T083601_nrg,XV_20190527T083601_nrg,896_3360,558
712,XV_20190527T083601_nrg,XV_20190527T083601_nrg,672_6944,627
713,YV_20190527T083601_nrg,YV_20190527T083601_nrg,224_8288,594
714,XA_20190427T083601_nrg,XA_20190427T083601_nrg,7392_4928,697
715,YA_20190427T083601_nrg,YA_20190427T083601_nrg,2912_224,50
716,YV_20190427T083601_nrg,YV_20190427T083601_nrg,896_2688,2339
717,YV_20190427T083601_nrg,YV_20190427T083601_nrg,896_4032,316
718,XV_20190527T083601_nrg,XV_20190527T083601_nrg,2464_2240,528
719,XA_20190527T110449_nrg,XA_20190527T110449_nrg,5376_9408,564
720,YA_20190527T083601_nrg,YA_20190527T083601_nrg,10528_2688,1171
721,YV_20190427T083601_nrg,YV_20190427T083601_nrg,224_2912,262
722,YA_20190427T083601_nrg,YA_20190427T083601_nrg,8064_8512,137
723,YA_20190527T083601_nrg,YA_20190527T083601_nrg,6720_9856,544
724,XA_20190427T083601_nrg,XA_20190427T083601_nrg,6048_5152,1589
725,XV_20190527T083601_nrg,XV_20190527T083601_nrg,2688_3136,2
726,YA_20190527T083601_nrg,YA_20190527T083601_nrg,5824_672,1814
727,WV_20190527T083601_nrg,WV_20190527T083601_nrg,2464_9408,1219
728,YV_20190427T083601_nrg,YV_20190427T083601_nrg,1568_4928,445
729,XV_20190427T083601_nrg,XV_20190427T083601_nrg,224_8512,229
730,XA_20190527T110449_nrg,XA_20190527T110449_nrg,4480_5824,71
731,YV_20190527T083601_nrg,YV_20190527T083601_nrg,10080_224,428
732,YA_20190427T083601_nrg,YA_20190427T083601_nrg,9632_2240,867
733,XA_20190527T110449_nrg,XA_20190527T110449_nrg,3360_6272,238
734,XV_20190427T083601_nrg,XV_20190427T083601_nrg,672_6720,725
735,YA_20190527T083601_nrg,YA_20190527T083601_nrg,6272_8960,106
736,YV_20190527T083601_nrg,YV_20190527T083601_nrg,4480_4704,220
737,XA_20190527T110449_nrg,XA_20190527T110449_nrg,10304_6272,1055
738,XV_20190527T083601_nrg,XV_20190527T083601_nrg,2688_2912,2221
739,XA_20190427T083601_nrg,XA_20190427T083601_nrg,2688_8512,113
740,YV_20190527T083601_nrg,YV_20190527T083601_nrg,672_2912,1
741,WV_20190427T083601_nrg,WV_20190427T083601_nrg,3584_8960,1481
742,WV_20190427T083601_nrg,WV_20190427T083601_nrg,1344_7840,575
743,XV_20190527T083601_nrg,XV_20190527T083601_nrg,672_2240,1356
744,XA_20190527T110449_nrg,XA_20190527T110449_nrg,5152_6944,1986
745,YA_20190527T083601_nrg,YA_20190527T083601_nrg,2912_448,314
746,XA_20190527T110449_nrg,XA_20190527T110449_nrg,9856_8064,1962
747,XA_20190427T083601_nrg,XA_20190427T083601_nrg,2016_9408,717
748,XV_20190527T083601_nrg,XV_20190527T083601_nrg,896_8288,691
749,YV_20190427T083601_nrg,YV_20190427T083601_nrg,224_8288,594
750,XV_20190527T083601_nrg,XV_20190527T083601_nrg,896_2688,2641
751,XA_20190427T083601_nrg,XA_20190427T083601_nrg,10304_5152,412
752,XA_20190427T083601_nrg,XA_20190427T083601_nrg,10080_8960,1801
753,YA_20190527T083601_nrg,YA_20190527T083601_nrg,2016_2016,373
754,YA_20190527T083601_nrg,YA_20190527T083601_nrg,10752_2688,2657
755,WV_20190527T083601_nrg,WV_20190527T083601_nrg,3136_9632,1
756,XV_20190527T083601_nrg,XV_20190527T083601_nrg,448_6720,207
757,YA_20190427T083601_nrg,YA_20190427T083601_nrg,5824_4704,156
758,WV_20190427T083601_nrg,WV_20190427T083601_nrg,2464_9408,1219
759,YA_20190527T083601_nrg,YA_20190527T083601_nrg,3136_4480,4
760,YA_20190527T083601_nrg,YA_20190527T083601_nrg,9632_2016,412
761,YV_20190527T083601_nrg,YV_20190527T083601_nrg,1568_2016,168
762,XV_20190427T083601_nrg,XV_20190427T083601_nrg,3136_8736,214
763,YV_20190527T083601_nrg,YV_20190527T083601_nrg,224_2688,1872
764,XA_20190527T110449_nrg,XA_20190527T110449_nrg,10304_4032,92
765,XV_20190527T083601_nrg,XV_20190527T083601_nrg,1120_7616,437
766,XA_20190527T110449_nrg,XA_20190527T110449_nrg,10080_4032,1094
767,YV_20190527T083601_nrg,YV_20190527T083601_nrg,896_1792,283
768,YA_20190527T083601_nrg,YA_20190527T083601_nrg,8512_6496,50
769,XA_20190427T083601_nrg,XA_20190427T083601_nrg,3808_4704,458
770,WV_20190427T083601_nrg,WV_20190427T083601_nrg,2240_7840,1007
771,XA_20190427T083601_nrg,XA_20190427T083601_nrg,2464_10304,186
772,YA_20190427T083601_nrg,YA_20190427T083601_nrg,10080_8512,3509
773,YA_20190427T083601_nrg,YA_20190427T083601_nrg,10304_1344,377
774,XV_20190527T083601_nrg,XV_20190527T083601_nrg,448_6944,493
775,XV_20190527T083601_nrg,XV_20190527T083601_nrg,3584_10304,162
776,XA_20190427T083601_nrg,XA_20190427T083601_nrg,4704_4480,274
777,XV_20190527T083601_nrg,XV_20190527T083601_nrg,672_3360,841
778,XA_20190527T110449_nrg,XA_20190527T110449_nrg,9856_6496,3124
779,YA_20190527T083601_nrg,YA_20190527T083601_nrg,2912_1568,336
780,YA_20190427T083601_nrg,YA_20190427T083601_nrg,3584_5376,65
781,YA_20190527T083601_nrg,YA_20190527T083601_nrg,9408_7168,393
782,YA_20190427T083601_nrg,YA_20190427T083601_nrg,8288_6048,9
783,XA_20190427T083601_nrg,XA_20190427T083601_nrg,10304_3136,568
784,YV_20190427T083601_nrg,YV_20190427T083601_nrg,1792_3136,281
785,XA_20190527T110449_nrg,XA_20190527T110449_nrg,5824_6272,727
786,WV_20190427T083601_nrg,WV_20190427T083601_nrg,1568_9408,188
787,XV_20190427T083601_nrg,XV_20190427T083601_nrg,2240_4480,585
788,XA_20190527T110449_nrg,XA_20190527T110449_nrg,3808_5152,176
789,XA_20190427T083601_nrg,XA_20190427T083601_nrg,10752_4480,1441
790,XV_20190427T083601_nrg,XV_20190427T083601_nrg,4704_3584,528
791,XV_20190427T083601_nrg,XV_20190427T083601_nrg,1568_2912,1032
792,YV_20190427T083601_nrg,YV_20190427T083601_nrg,1568_1792,4460
793,XA_20190427T083601_nrg,XA_20190427T083601_nrg,5824_9632,257
794,WV_20190427T083601_nrg,WV_20190427T083601_nrg,4480_10752,444
795,YV_20190427T083601_nrg,YV_20190427T083601_nrg,3808_1792,1681
796,YA_20190427T083601_nrg,YA_20190427T083601_nrg,2240_1120,432
797,XA_20190527T110449_nrg,XA_20190527T110449_nrg,6720_5824,4345
798,XV_20190527T083601_nrg,XV_20190527T083601_nrg,6496_8512,295
799,XA_20190427T083601_nrg,XA_20190427T083601_nrg,10080_4032,1094
800,YV_20190527T083601_nrg,YV_20190527T083601_nrg,2016_3584,951
801,XV_20190527T083601_nrg,XV_20190527T083601_nrg,2912_8512,1334
802,XV_20190527T083601_nrg,XV_20190527T083601_nrg,3360_4256,59
803,XA_20190427T083601_nrg,XA_20190427T083601_nrg,4256_8288,1341
804,XV_20190427T083601_nrg,XV_20190427T083601_nrg,2240_5824,1617
805,XV_20190527T083601_nrg,XV_20190527T083601_nrg,10080_9632,135
806,YA_20190527T083601_nrg,YA_20190527T083601_nrg,10528_2016,196
807,YA_20190527T083601_nrg,YA_20190527T083601_nrg,10304_2016,6472
808,XV_20190427T083601_nrg,XV_20190427T083601_nrg,0_6944,1072
809,XV_20190527T083601_nrg,XV_20190527T083601_nrg,1568_2912,1032
810,YA_20190427T083601_nrg,YA_20190427T083601_nrg,3136_3584,260
811,XA_20190427T083601_nrg,XA_20190427T083601_nrg,4928_8960,43
812,XA_20190527T110449_nrg,XA_20190527T110449_nrg,4928_4256,385
813,YA_20190427T083601_nrg,YA_20190427T083601_nrg,7616_9184,2683
814,XA_20190527T110449_nrg,XA_20190527T110449_nrg,10080_0,2444
815,XA_20190527T110449_nrg,XA_20190527T110449_nrg,4256_10752,262
816,XA_20190427T083601_nrg,XA_20190427T083601_nrg,1120_10304,9
817,XA_20190527T110449_nrg,XA_20190527T110449_nrg,5152_4704,2020
818,YV_20190527T083601_nrg,YV_20190527T083601_nrg,4032_672,71
819,XV_20190427T083601_nrg,XV_20190427T083601_nrg,1568_3136,446
820,YA_20190427T083601_nrg,YA_20190427T083601_nrg,6496_9632,11
821,XA_20190427T083601_nrg,XA_20190427T083601_nrg,6272_8064,75
822,XA_20190527T110449_nrg,XA_20190527T110449_nrg,1792_9856,11
823,YA_20190527T083601_nrg,YA_20190527T083601_nrg,8064_6944,124
824,XA_20190527T110449_nrg,XA_20190527T110449_nrg,4704_4032,573
825,XA_20190427T083601_nrg,XA_20190427T083601_nrg,4480_3808,1633
826,YV_20190427T083601_nrg,YV_20190427T083601_nrg,1120_3808,273
827,WV_20190427T083601_nrg,WV_20190427T083601_nrg,3808_8288,298
828,YA_20190527T083601_nrg,YA_20190527T083601_nrg,1120_224,9
829,YA_20190427T083601_nrg,YA_20190427T083601_nrg,6944_9184,191
830,YV_20190527T083601_nrg,YV_20190527T083601_nrg,7840_3136,2094
831,XV_20190527T083601_nrg,XV_20190527T083601_nrg,448_2912,1342
832,XA_20190527T110449_nrg,XA_20190527T110449_nrg,2016_10080,248
833,YA_20190427T083601_nrg,YA_20190427T083601_nrg,2240_2688,1301
834,WV_20190527T083601_nrg,WV_20190527T083601_nrg,1344_8064,412
835,XV_20190427T083601_nrg,XV_20190427T083601_nrg,1792_10528,109
836,XA_20190427T083601_nrg,XA_20190427T083601_nrg,6944_4480,226
837,XV_20190527T083601_nrg,XV_20190527T083601_nrg,2240_6720,2177
838,XV_20190527T083601_nrg,XV_20190527T083601_nrg,448_7392,86
839,YA_20190427T083601_nrg,YA_20190427T083601_nrg,6272_9184,28
840,XA_20190527T110449_nrg,XA_20190527T110449_nrg,6496_4480,101
841,XV_20190527T083601_nrg,XV_20190527T083601_nrg,1344_3360,324
842,YA_20190427T083601_nrg,YA_20190427T083601_nrg,1120_2240,687
843,YA_20190427T083601_nrg,YA_20190427T083601_nrg,9856_1120,457
844,WV_20190527T083601_nrg,WV_20190527T083601_nrg,1568_9408,188
845,XV_20190427T083601_nrg,XV_20190427T083601_nrg,9632_9408,1278
846,XA_20190427T083601_nrg,XA_20190427T083601_nrg,10528_3584,436
847,XA_20190527T110449_nrg,XA_20190527T110449_nrg,5600_4032,604
848,XV_20190527T083601_nrg,XV_20190527T083601_nrg,2912_5824,2378
849,YA_20190527T083601_nrg,YA_20190527T083601_nrg,6496_9856,97
850,XV_20190427T083601_nrg,XV_20190427T083601_nrg,2464_2912,315
851,XA_20190427T083601_nrg,XA_20190427T083601_nrg,4928_4032,529
852,YA_20190427T083601_nrg,YA_20190427T083601_nrg,10080_896,147
853,WV_20190527T083601_nrg,WV_20190527T083601_nrg,2464_8288,395
854,XA_20190527T110449_nrg,XA_20190527T110449_nrg,3360_9856,20
855,XA_20190427T083601_nrg,XA_20190427T083601_nrg,3136_6272,103
856,YV_20190527T083601_nrg,YV_20190527T083601_nrg,3808_4928,224
857,YA_20190427T083601_nrg,YA_20190427T083601_nrg,3136_2912,595
858,XV_20190527T083601_nrg,XV_20190527T083601_nrg,4256_448,135
859,XA_20190527T110449_nrg,XA_20190527T110449_nrg,5376_3584,85
860,YV_20190427T083601_nrg,YV_20190427T083601_nrg,6720_672,1128
861,YA_20190427T083601_nrg,YA_20190427T083601_nrg,8736_8512,1789
862,XV_20190427T083601_nrg,XV_20190427T083601_nrg,7840_9856,773
863,WV_20190427T083601_nrg,WV_20190427T083601_nrg,6496_7840,149
864,YA_20190427T083601_nrg,YA_20190427T083601_nrg,2016_1792,656
865,XA_20190527T110449_nrg,XA_20190527T110449_nrg,1792_10752,165
866,XA_20190427T083601_nrg,XA_20190427T083601_nrg,6048_4928,635
867,XV_20190427T083601_nrg,XV_20190427T083601_nrg,672_3360,841
868,YV_20190527T083601_nrg,YV_20190527T083601_nrg,672_2240,486
869,XV_20190527T083601_nrg,XV_20190527T083601_nrg,5376_1568,670
870,XA_20190427T083601_nrg,XA_20190427T083601_nrg,10304_4928,368
871,XV_20190527T083601_nrg,XV_20190527T083601_nrg,2240_4704,234
872,YV_20190427T083601_nrg,YV_20190427T083601_nrg,672_2464,436
873,XV_20190427T083601_nrg,XV_20190427T083601_nrg,2464_9408,121
874,YV_20190527T083601_nrg,YV_20190527T083601_nrg,448_672,2674
875,XA_20190427T083601_nrg,XA_20190427T083601_nrg,6944_10080,1096
876,WV_20190427T083601_nrg,WV_20190427T083601_nrg,2016_7616,225
877,XA_20190527T110449_nrg,XA_20190527T110449_nrg,2240_7168,335
878,YV_20190527T083601_nrg,YV_20190527T083601_nrg,3808_1792,1681
879,YA_20190527T083601_nrg,YA_20190527T083601_nrg,2912_3360,801
880,YV_20190527T083601_nrg,YV_20190527T083601_nrg,0_8512,2988
881,XV_20190427T083601_nrg,XV_20190427T083601_nrg,672_6048,477
882,XV_20190527T083601_nrg,XV_20190527T083601_nrg,4256_896,234
883,XV_20190527T083601_nrg,XV_20190527T083601_nrg,2240_7392,662
884,XA_20190427T083601_nrg,XA_20190427T083601_nrg,6496_8288,721
885,XV_20190427T083601_nrg,XV_20190427T083601_nrg,448_5152,412
886,XV_20190427T083601_nrg,XV_20190427T083601_nrg,1792_7392,136
887,XV_20190527T083601_nrg,XV_20190527T083601_nrg,448_4704,2490
888,YA_20190427T083601_nrg,YA_20190427T083601_nrg,1120_0,760
889,WV_20190427T083601_nrg,WV_20190427T083601_nrg,2912_8288,2946
890,XV_20190427T083601_nrg,XV_20190427T083601_nrg,2240_10528,642
891,YA_20190527T083601_nrg,YA_20190527T083601_nrg,896_0,858
892,XA_20190527T110449_nrg,XA_20190527T110449_nrg,10752_6720,725
893,XV_20190527T083601_nrg,XV_20190527T083601_nrg,6272_8064,133
894,YA_20190527T083601_nrg,YA_20190527T083601_nrg,10752_1792,226
895,XV_20190427T083601_nrg,XV_20190427T083601_nrg,1120_2912,3268
896,XV_20190427T083601_nrg,XV_20190427T083601_nrg,2464_2688,2202
897,YV_20190427T083601_nrg,YV_20190427T083601_nrg,10080_224,428
898,XA_20190527T110449_nrg,XA_20190527T110449_nrg,4704_4256,288
899,XA_20190427T083601_nrg,XA_20190427T083601_nrg,6496_5152,300
900,YV_20190427T083601_nrg,YV_20190427T083601_nrg,10304_448,770
901,YV_20190427T083601_nrg,YV_20190427T083601_nrg,2688_2688,427
902,YV_20190427T083601_nrg,YV_20190427T083601_nrg,0_8288,585
903,XV_20190427T083601_nrg,XV_20190427T083601_nrg,10752_10528,748
904,XV_20190527T083601_nrg,XV_20190527T083601_nrg,4704_3360,112
905,WV_20190527T083601_nrg,WV_20190527T083601_nrg,2016_8288,1523
906,YA_20190527T083601_nrg,YA_20190527T083601_nrg,2688_448,324
907,WV_20190427T083601_nrg,WV_20190427T083601_nrg,1344_8736,2498
908,YA_20190527T083601_nrg,YA_20190527T083601_nrg,10080_2464,3324
909,XV_20190427T083601_nrg,XV_20190427T083601_nrg,2016_5824,50
910,YA_20190527T083601_nrg,YA_20190527T083601_nrg,2688_3136,268
911,XA_20190527T110449_nrg,XA_20190527T110449_nrg,2912_7168,58
912,WV_20190427T083601_nrg,WV_20190427T083601_nrg,3584_8512,117
913,WV_20190427T083601_nrg,WV_20190427T083601_nrg,3584_8064,426
914,WV_20190527T083601_nrg,WV_20190527T083601_nrg,4480_8512,370
915,YV_20190427T083601_nrg,YV_20190427T083601_nrg,2912_4480,91
916,YV_20190527T083601_nrg,YV_20190527T083601_nrg,4032_1792,977
917,XV_20190527T083601_nrg,XV_20190527T083601_nrg,672_6048,477
918,YA_20190527T083601_nrg,YA_20190527T083601_nrg,6048_672,375
919,XA_20190427T083601_nrg,XA_20190427T083601_nrg,4032_4928,1280
920,XA_20190427T083601_nrg,XA_20190427T083601_nrg,10752_2464,5462
921,YV_20190527T083601_nrg,YV_20190527T083601_nrg,1344_2016,725
922,XV_20190527T083601_nrg,XV_20190527T083601_nrg,2240_10528,642
923,YV_20190527T083601_nrg,YV_20190527T083601_nrg,10304_672,855
924,XV_20190427T083601_nrg,XV_20190427T083601_nrg,224_7168,432
925,XA_20190527T110449_nrg,XA_20190527T110449_nrg,4256_3808,148
926,YA_20190527T083601_nrg,YA_20190527T083601_nrg,6496_8960,1
927,XV_20190527T083601_nrg,XV_20190527T083601_nrg,4480_3584,37
928,YV_20190427T083601_nrg,YV_20190427T083601_nrg,10304_672,855
929,XV_20190527T083601_nrg,XV_20190527T083601_nrg,2912_2688,363
930,YV_20190527T083601_nrg,YV_20190527T083601_nrg,1120_2240,1021
931,YA_20190527T083601_nrg,YA_20190527T083601_nrg,10528_2912,273
932,WV_20190427T083601_nrg,WV_20190427T083601_nrg,1792_8288,1663
933,YA_20190527T083601_nrg,YA_20190527T083601_nrg,9632_6720,152
934,XA_20190527T110449_nrg,XA_20190527T110449_nrg,4256_10080,3
935,XA_20190527T110449_nrg,XA_20190527T110449_nrg,10080_4704,390
936,WV_20190427T083601_nrg,WV_20190427T083601_nrg,4704_8064,574
937,XV_20190527T083601_nrg,XV_20190527T083601_nrg,8736_7392,619
938,YV_20190427T083601_nrg,YV_20190427T083601_nrg,1568_2016,168
939,WV_20190427T083601_nrg,WV_20190427T083601_nrg,896_8736,3529
940,XV_20190527T083601_nrg,XV_20190527T083601_nrg,1792_2240,481
941,XV_20190427T083601_nrg,XV_20190427T083601_nrg,0_7840,1098
942,WV_20190427T083601_nrg,WV_20190427T083601_nrg,0_9184,1553
943,XV_20190427T083601_nrg,XV_20190427T083601_nrg,10080_9856,3357
944,YA_20190427T083601_nrg,YA_20190427T083601_nrg,9632_1344,1429
945,XA_20190427T083601_nrg,XA_20190427T083601_nrg,8288_7392,213
946,XV_20190427T083601_nrg,XV_20190427T083601_nrg,2016_10304,2906
947,YA_20190427T083601_nrg,YA_20190427T083601_nrg,2016_2016,373
948,YA_20190427T083601_nrg,YA_20190427T083601_nrg,2912_5376,823
949,XA_20190527T110449_nrg,XA_20190527T110449_nrg,3136_9408,1111
950,XA_20190527T110449_nrg,XA_20190527T110449_nrg,10304_6944,1303
951,YA_20190527T083601_nrg,YA_20190527T083601_nrg,6272_8736,40
952,XV_20190427T083601_nrg,XV_20190427T083601_nrg,7616_7392,80
953,YV_20190527T083601_nrg,YV_20190527T083601_nrg,1120_4256,1503
954,YV_20190427T083601_nrg,YV_20190427T083601_nrg,2464_4928,887
955,WV_20190427T083601_nrg,WV_20190427T083601_nrg,2912_8512,1530
956,YA_20190527T083601_nrg,YA_20190527T083601_nrg,10080_2688,2005
957,XV_20190527T083601_nrg,XV_20190527T083601_nrg,448_10528,473
958,YV_20190427T083601_nrg,YV_20190427T083601_nrg,3808_4256,331
959,XA_20190427T083601_nrg,XA_20190427T083601_nrg,6496_6048,341
960,XA_20190427T083601_nrg,XA_20190427T083601_nrg,10752_5152,537
961,XV_20190427T083601_nrg,XV_20190427T083601_nrg,896_8064,345
962,YA_20190427T083601_nrg,YA_20190427T083601_nrg,4032_224,200
963,XA_20190527T110449_nrg,XA_20190527T110449_nrg,5824_9632,257
964,XA_20190527T110449_nrg,XA_20190527T110449_nrg,7168_4480,557
965,XA_20190527T110449_nrg,XA_20190527T110449_nrg,3584_5152,166
966,XA_20190527T110449_nrg,XA_20190527T110449_nrg,6496_8064,113
967,XA_20190427T083601_nrg,XA_20190427T083601_nrg,9856_5376,544
968,XA_20190427T083601_nrg,XA_20190427T083601_nrg,5600_9632,206
969,YA_20190527T083601_nrg,YA_20190527T083601_nrg,1568_2912,1378
970,YA_20190527T083601_nrg,YA_20190527T083601_nrg,6496_9632,11
971,YA_20190427T083601_nrg,YA_20190427T083601_nrg,2016_4256,105
972,XV_20190427T083601_nrg,XV_20190427T083601_nrg,2688_2912,2221
973,XA_20190527T110449_nrg,XA_20190527T110449_nrg,10080_10752,671
974,XV_20190527T083601_nrg,XV_20190527T083601_nrg,3584_1120,1214
975,XV_20190427T083601_nrg,XV_20190427T083601_nrg,8288_5152,281
976,XA_20190427T083601_nrg,XA_20190427T083601_nrg,3136_7168,274
977,YV_20190427T083601_nrg,YV_20190427T083601_nrg,224_2016,6480
978,YA_20190527T083601_nrg,YA_20190527T083601_nrg,3136_1120,15
979,YA_20190527T083601_nrg,YA_20190527T083601_nrg,6048_9184,88
980,XA_20190427T083601_nrg,XA_20190427T083601_nrg,6944_9408,431
981,XA_20190527T110449_nrg,XA_20190527T110449_nrg,5152_3808,107
982,XA_20190427T083601_nrg,XA_20190427T083601_nrg,6944_5152,786
983,YA_20190427T083601_nrg,YA_20190427T083601_nrg,10528_672,986
984,YA_20190427T083601_nrg,YA_20190427T083601_nrg,10304_1120,362
985,YV_20190427T083601_nrg,YV_20190427T083601_nrg,3584_224,62
986,XA_20190527T110449_nrg,XA_20190527T110449_nrg,7168_5152,1567
987,XV_20190427T083601_nrg,XV_20190427T083601_nrg,3584_3808,77
988,XA_20190527T110449_nrg,XA_20190527T110449_nrg,10752_7168,3
989,XV_20190527T083601_nrg,XV_20190527T083601_nrg,3584_4704,383
990,XV_20190527T083601_nrg,XV_20190527T083601_nrg,8064_6048,1281
991,YA_20190527T083601_nrg,YA_20190527T083601_nrg,10304_1120,362
992,XA_20190527T110449_nrg,XA_20190527T110449_nrg,1792_10080,33
993,WV_20190527T083601_nrg,WV_20190527T083601_nrg,1344_8512,1273
994,XV_20190527T083601_nrg,XV_20190527T083601_nrg,672_3808,523
995,XA_20190527T110449_nrg,XA_20190527T110449_nrg,10528_6048,848
996,XV_20190427T083601_nrg,XV_20190427T083601_nrg,10080_10304,176
997,YV_20190527T083601_nrg,YV_20190527T083601_nrg,224_896,3248
998,YA_20190527T083601_nrg,YA_20190527T083601_nrg,3808_5376,201
999,XV_20190527T083601_nrg,XV_20190527T083601_nrg,0_8288,1126
1000,YA_20190527T083601_nrg,YA_20190527T083601_nrg,10304_672,1998
1001,XA_20190527T110449_nrg,XA_20190527T110449_nrg,9632_8512,650
1002,YA_20190527T083601_nrg,YA_20190527T083601_nrg,1792_0,44
1003,WV_20190427T083601_nrg,WV_20190427T083601_nrg,1792_8064,939
1004,YA_20190427T083601_nrg,YA_20190427T083601_nrg,10528_2016,196
1005,XA_20190427T083601_nrg,XA_20190427T083601_nrg,3360_6272,238
1006,XV_20190427T083601_nrg,XV_20190427T083601_nrg,9408_10528,255
1007,XV_20190427T083601_nrg,XV_20190427T083601_nrg,2240_7168,134
1008,XA_20190427T083601_nrg,XA_20190427T083601_nrg,10528_3136,2400
1009,YA_20190527T083601_nrg,YA_20190527T083601_nrg,3136_1568,577
1010,XV_20190427T083601_nrg,XV_20190427T083601_nrg,3584_2688,270
1011,YV_20190527T083601_nrg,YV_20190527T083601_nrg,2016_4928,678
1012,XV_20190427T083601_nrg,XV_20190427T083601_nrg,2240_7392,662
1013,XA_20190527T110449_nrg,XA_20190527T110449_nrg,5824_6944,275
1014,YV_20190527T083601_nrg,YV_20190527T083601_nrg,2912_1792,3422
1015,YA_20190527T083601_nrg,YA_20190527T083601_nrg,4928_4480,1301
1016,YA_20190527T083601_nrg,YA_20190527T083601_nrg,1344_2016,517
1017,YV_20190427T083601_nrg,YV_20190427T083601_nrg,224_2240,4977
1018,XA_20190427T083601_nrg,XA_20190427T083601_nrg,5824_10752,2437
1019,WV_20190427T083601_nrg,WV_20190427T083601_nrg,1792_9408,1299
1020,YA_20190527T083601_nrg,YA_20190527T083601_nrg,2016_2912,897
1021,YA_20190527T083601_nrg,YA_20190527T083601_nrg,3136_5376,520
1022,XA_20190527T110449_nrg,XA_20190527T110449_nrg,6048_6720,232
1023,XA_20190527T110449_nrg,XA_20190527T110449_nrg,2912_9184,212
1024,YA_20190527T083601_nrg,YA_20190527T083601_nrg,8288_6048,9
1025,YV_20190527T083601_nrg,YV_20190527T083601_nrg,224_1792,4516
1026,XA_20190427T083601_nrg,XA_20190427T083601_nrg,4480_5824,71
1027,XA_20190427T083601_nrg,XA_20190427T083601_nrg,1792_10080,33
1028,YA_20190427T083601_nrg,YA_20190427T083601_nrg,6720_7840,266
1029,XA_20190427T083601_nrg,XA_20190427T083601_nrg,6720_9184,2034
1030,XA_20190527T110449_nrg,XA_20190527T110449_nrg,3136_7168,274
1031,XA_20190527T110449_nrg,XA_20190527T110449_nrg,7840_7616,810
1032,WV_20190527T083601_nrg,WV_20190527T083601_nrg,5152_8512,48
1033,YV_20190427T083601_nrg,YV_20190427T083601_nrg,6496_2912,1254
1034,WV_20190527T083601_nrg,WV_20190527T083601_nrg,1792_8512,4588
1035,YV_20190527T083601_nrg,YV_20190527T083601_nrg,448_1792,222
1036,XA_20190527T110449_nrg,XA_20190527T110449_nrg,8288_7392,213
1037,XA_20190527T110449_nrg,XA_20190527T110449_nrg,4256_8064,17
1038,YV_20190527T083601_nrg,YV_20190527T083601_nrg,3136_2912,4
1039,YV_20190427T083601_nrg,YV_20190427T083601_nrg,2464_448,119
1040,XA_20190427T083601_nrg,XA_20190427T083601_nrg,10304_3584,750
1041,XV_20190427T083601_nrg,XV_20190427T083601_nrg,896_4704,231
1042,YA_20190427T083601_nrg,YA_20190427T083601_nrg,3136_5600,60
1043,XV_20190427T083601_nrg,XV_20190427T083601_nrg,672_3136,1558
1044,YA_20190527T083601_nrg,YA_20190527T083601_nrg,7840_7168,13
1045,YA_20190427T083601_nrg,YA_20190427T083601_nrg,2016_3136,610
1046,YA_20190427T083601_nrg,YA_20190427T083601_nrg,10304_2240,3672
1047,XV_20190427T083601_nrg,XV_20190427T083601_nrg,2912_2912,733
1048,XA_20190527T110449_nrg,XA_20190527T110449_nrg,10752_4256,914
1049,XV_20190427T083601_nrg,XV_20190427T083601_nrg,224_8736,431
1050,YV_20190527T083601_nrg,YV_20190527T083601_nrg,448_2464,402
1051,XA_20190427T083601_nrg,XA_20190427T083601_nrg,10752_3584,3828
1052,YA_20190527T083601_nrg,YA_20190527T083601_nrg,5824_896,623
1053,XV_20190427T083601_nrg,XV_20190427T083601_nrg,2688_9184,153
1054,XV_20190527T083601_nrg,XV_20190527T083601_nrg,3584_4480,12
1055,XV_20190427T083601_nrg,XV_20190427T083601_nrg,4480_4032,696
1056,YA_20190527T083601_nrg,YA_20190527T083601_nrg,4480_896,41
1057,XV_20190427T083601_nrg,XV_20190427T083601_nrg,3808_6496,114
1058,XV_20190527T083601_nrg,XV_20190527T083601_nrg,8512_4704,39
1059,XV_20190527T083601_nrg,XV_20190527T083601_nrg,2240_9856,1571
1060,YA_20190427T083601_nrg,YA_20190427T083601_nrg,8064_7840,134
1061,XA_20190527T110449_nrg,XA_20190527T110449_nrg,4032_5824,649
1062,XV_20190427T083601_nrg,XV_20190427T083601_nrg,672_4256,744
1063,WV_20190527T083601_nrg,WV_20190527T083601_nrg,7392_8064,1833
1064,YA_20190527T083601_nrg,YA_20190527T083601_nrg,3360_2912,322
1065,YV_20190527T083601_nrg,YV_20190527T083601_nrg,2464_2912,165
1066,XV_20190427T083601_nrg,XV_20190427T083601_nrg,8064_6048,1281
1067,WV_20190427T083601_nrg,WV_20190427T083601_nrg,0_8512,21
1068,XA_20190527T110449_nrg,XA_20190527T110449_nrg,10752_2240,645
1069,XV_20190527T083601_nrg,XV_20190527T083601_nrg,7840_7168,385
1070,XA_20190527T110449_nrg,XA_20190527T110449_nrg,4928_4032,529
1071,YA_20190427T083601_nrg,YA_20190427T083601_nrg,2240_3136,2677
1072,XV_20190527T083601_nrg,XV_20190527T083601_nrg,0_8736,4190
1073,XV_20190527T083601_nrg,XV_20190527T083601_nrg,224_4704,376
1074,XV_20190427T083601_nrg,XV_20190427T083601_nrg,3584_4480,12
1075,XA_20190427T083601_nrg,XA_20190427T083601_nrg,2240_7168,335
1076,XA_20190427T083601_nrg,XA_20190427T083601_nrg,6496_4928,83
1077,YA_20190527T083601_nrg,YA_20190527T083601_nrg,8736_8736,1087
1078,YA_20190527T083601_nrg,YA_20190527T083601_nrg,2464_4032,180
1079,XA_20190427T083601_nrg,XA_20190427T083601_nrg,3808_4928,169
1080,XV_20190527T083601_nrg,XV_20190527T083601_nrg,9856_10080,1979
1081,XV_20190527T083601_nrg,XV_20190527T083601_nrg,9408_10304,88
1082,YV_20190527T083601_nrg,YV_20190527T083601_nrg,4704_448,1349
1083,YA_20190527T083601_nrg,YA_20190527T083601_nrg,6720_0,2353
1084,XA_20190427T083601_nrg,XA_20190427T083601_nrg,10304_2688,536
1085,YA_20190527T083601_nrg,YA_20190527T083601_nrg,9632_1568,153
1086,XV_20190427T083601_nrg,XV_20190427T083601_nrg,448_2688,681
1087,YV_20190427T083601_nrg,YV_20190427T083601_nrg,448_2688,2561
1088,YV_20190427T083601_nrg,YV_20190427T083601_nrg,7840_3360,655
1089,XA_20190427T083601_nrg,XA_20190427T083601_nrg,6944_4256,167
1090,YV_20190527T083601_nrg,YV_20190527T083601_nrg,1120_2464,5084
1091,WV_20190427T083601_nrg,WV_20190427T083601_nrg,224_8064,697
1092,XA_20190427T083601_nrg,XA_20190427T083601_nrg,10080_8512,1592
1093,YA_20190427T083601_nrg,YA_20190427T083601_nrg,6496_1120,677
1094,YA_20190427T083601_nrg,YA_20190427T083601_nrg,2912_1344,55
1095,XA_20190427T083601_nrg,XA_20190427T083601_nrg,9856_6720,557
1096,XA_20190427T083601_nrg,XA_20190427T083601_nrg,10080_8736,4621
1097,YA_20190527T083601_nrg,YA_20190527T083601_nrg,6496_1344,399
1098,XA_20190427T083601_nrg,XA_20190427T083601_nrg,7168_5824,154
1099,XA_20190427T083601_nrg,XA_20190427T083601_nrg,7168_7168,452
1100,WV_20190527T083601_nrg,WV_20190527T083601_nrg,224_9632,836
1101,XA_20190527T110449_nrg,XA_20190527T110449_nrg,896_10080,854
1102,XV_20190527T083601_nrg,XV_20190527T083601_nrg,5824_4480,1396
1103,YV_20190527T083601_nrg,YV_20190527T083601_nrg,224_1344,377
1104,XV_20190427T083601_nrg,XV_20190427T083601_nrg,2240_6720,2177
1105,YA_20190527T083601_nrg,YA_20190527T083601_nrg,8288_6720,299
1106,XA_20190527T110449_nrg,XA_20190527T110449_nrg,5600_4480,215
1107,XV_20190427T083601_nrg,XV_20190427T083601_nrg,2464_2464,1051
1108,XV_20190427T083601_nrg,XV_20190427T083601_nrg,448_7168,1446
1109,WV_20190427T083601_nrg,WV_20190427T083601_nrg,896_9408,1245
1110,XV_20190527T083601_nrg,XV_20190527T083601_nrg,672_6272,1910
1111,XV_20190527T083601_nrg,XV_20190527T083601_nrg,3136_1568,528
1112,WV_20190427T083601_nrg,WV_20190427T083601_nrg,3136_8960,76
1113,WV_20190527T083601_nrg,WV_20190527T083601_nrg,3808_7840,295
1114,YA_20190427T083601_nrg,YA_20190427T083601_nrg,5152_2016,29
1115,XA_20190427T083601_nrg,XA_20190427T083601_nrg,4032_10304,200
1116,XA_20190427T083601_nrg,XA_20190427T083601_nrg,4704_3808,124
1117,YA_20190427T083601_nrg,YA_20190427T083601_nrg,10304_2688,3323
1118,XA_20190427T083601_nrg,XA_20190427T083601_nrg,7840_7616,810
1119,YA_20190427T083601_nrg,YA_20190427T083601_nrg,3136_4928,253
1120,YV_20190427T083601_nrg,YV_20190427T083601_nrg,3808_4704,346
1121,YV_20190527T083601_nrg,YV_20190527T083601_nrg,6944_2688,1800
1122,YV_20190527T083601_nrg,YV_20190527T083601_nrg,1792_2240,1860
1123,XA_20190527T110449_nrg,XA_20190527T110449_nrg,10304_8064,5744
1124,XA_20190427T083601_nrg,XA_20190427T083601_nrg,1792_10752,165
1125,YA_20190527T083601_nrg,YA_20190527T083601_nrg,2688_672,555
1126,XV_20190427T083601_nrg,XV_20190427T083601_nrg,896_3360,558
1127,YA_20190527T083601_nrg,YA_20190527T083601_nrg,2688_2688,591
1128,XA_20190527T110449_nrg,XA_20190527T110449_nrg,4480_10752,41
1129,YV_20190427T083601_nrg,YV_20190427T083601_nrg,4032_4704,549
1130,YA_20190527T083601_nrg,YA_20190527T083601_nrg,1568_2688,230
1131,XA_20190427T083601_nrg,XA_20190427T083601_nrg,5824_6496,128
1132,XA_20190527T110449_nrg,XA_20190527T110449_nrg,6496_5152,300
1133,YV_20190427T083601_nrg,YV_20190427T083601_nrg,224_672,981
1134,XV_20190527T083601_nrg,XV_20190527T083601_nrg,448_3584,750
1135,YV_20190527T083601_nrg,YV_20190527T083601_nrg,2016_4704,191
1136,YV_20190427T083601_nrg,YV_20190427T083601_nrg,2016_224,2199
1137,XA_20190527T110449_nrg,XA_20190527T110449_nrg,6496_4928,83
1138,YA_20190427T083601_nrg,YA_20190427T083601_nrg,5824_896,623
1139,XA_20190427T083601_nrg,XA_20190427T083601_nrg,10080_9184,411
1140,XA_20190427T083601_nrg,XA_20190427T083601_nrg,9856_8064,1962
1141,XA_20190427T083601_nrg,XA_20190427T083601_nrg,10304_6944,1303
1142,WV_20190427T083601_nrg,WV_20190427T083601_nrg,3360_8960,4935
1143,XA_20190427T083601_nrg,XA_20190427T083601_nrg,2912_8064,147
1144,XV_20190527T083601_nrg,XV_20190527T083601_nrg,672_4256,744
1145,WV_20190527T083601_nrg,WV_20190527T083601_nrg,1792_8064,939
1146,XV_20190527T083601_nrg,XV_20190527T083601_nrg,10080_10080,990
1147,YA_20190427T083601_nrg,YA_20190427T083601_nrg,10528_2688,1171
1148,YA_20190527T083601_nrg,YA_20190527T083601_nrg,10080_896,147
1149,WV_20190527T083601_nrg,WV_20190527T083601_nrg,3584_8736,723
1150,YA_20190427T083601_nrg,YA_20190427T083601_nrg,3360_5600,618
1151,YV_20190427T083601_nrg,YV_20190427T083601_nrg,1792_3584,284
1152,YA_20190527T083601_nrg,YA_20190527T083601_nrg,2016_3136,610
1153,WV_20190527T083601_nrg,WV_20190527T083601_nrg,6048_7840,211
1154,XV_20190527T083601_nrg,XV_20190527T083601_nrg,224_6272,1055
1155,YV_20190527T083601_nrg,YV_20190527T083601_nrg,1792_0,614
1156,XV_20190427T083601_nrg,XV_20190427T083601_nrg,1344_7392,576
1157,XV_20190427T083601_nrg,XV_20190427T083601_nrg,2240_10304,208
1158,XV_20190527T083601_nrg,XV_20190527T083601_nrg,0_4704,14
1159,XA_20190427T083601_nrg,XA_20190427T083601_nrg,4256_4480,25
1160,WV_20190527T083601_nrg,WV_20190527T083601_nrg,2016_7616,225
1161,YA_20190527T083601_nrg,YA_20190527T083601_nrg,2016_896,231
1162,XA_20190427T083601_nrg,XA_20190427T083601_nrg,10528_2912,1154
1163,YV_20190527T083601_nrg,YV_20190527T083601_nrg,224_672,981
1164,YV_20190527T083601_nrg,YV_20190527T083601_nrg,9408_1120,172
1165,XA_20190527T110449_nrg,XA_20190527T110449_nrg,9408_8512,1197
1166,XV_20190527T083601_nrg,XV_20190527T083601_nrg,224_10752,2206
1167,XV_20190527T083601_nrg,XV_20190527T083601_nrg,672_3136,1558
1168,YA_20190427T083601_nrg,YA_20190427T083601_nrg,10752_2016,5041
1169,XA_20190427T083601_nrg,XA_20190427T083601_nrg,10752_2240,645
1170,XV_20190527T083601_nrg,XV_20190527T083601_nrg,2464_7392,38
1171,XV_20190527T083601_nrg,XV_20190527T083601_nrg,2016_6048,55
1172,XV_20190527T083601_nrg,XV_20190527T083601_nrg,3360_1344,614
1173,XV_20190427T083601_nrg,XV_20190427T083601_nrg,448_4032,434
1174,XA_20190427T083601_nrg,XA_20190427T083601_nrg,2016_9632,1058
1175,XV_20190527T083601_nrg,XV_20190527T083601_nrg,0_10528,1097
1176,YV_20190527T083601_nrg,YV_20190527T083601_nrg,1344_1792,320
1177,XA_20190527T110449_nrg,XA_20190527T110449_nrg,2912_8064,147
1178,XA_20190527T110449_nrg,XA_20190527T110449_nrg,4256_9856,131
1179,XV_20190427T083601_nrg,XV_20190427T083601_nrg,8736_7392,619
1180,YV_20190427T083601_nrg,YV_20190427T083601_nrg,2016_3360,168
1181,XA_20190527T110449_nrg,XA_20190527T110449_nrg,6720_4032,63
1182,XA_20190427T083601_nrg,XA_20190427T083601_nrg,10752_3360,924
1183,XV_20190527T083601_nrg,XV_20190527T083601_nrg,448_2688,681
1184,XA_20190427T083601_nrg,XA_20190427T083601_nrg,10080_3136,724
1185,XA_20190527T110449_nrg,XA_20190527T110449_nrg,10080_3136,724
1186,XA_20190527T110449_nrg,XA_20190527T110449_nrg,6720_9184,2034
1187,YA_20190427T083601_nrg,YA_20190427T083601_nrg,6720_9856,544
1188,XA_20190527T110449_nrg,XA_20190527T110449_nrg,7168_4256,275
1189,XA_20190527T110449_nrg,XA_20190527T110449_nrg,2016_9632,1058
1190,YV_20190427T083601_nrg,YV_20190427T083601_nrg,448_2464,402
1191,XA_20190527T110449_nrg,XA_20190527T110449_nrg,9856_6720,557
1192,XV_20190427T083601_nrg,XV_20190427T083601_nrg,1792_9632,601
1193,YV_20190427T083601_nrg,YV_20190427T083601_nrg,2240_448,850
1194,XA_20190527T110449_nrg,XA_20190527T110449_nrg,10304_7168,1446
1195,XA_20190427T083601_nrg,XA_20190427T083601_nrg,10752_6944,62
1196,XV_20190527T083601_nrg,XV_20190527T083601_nrg,9856_9856,2693
1197,WV_20190527T083601_nrg,WV_20190527T083601_nrg,3808_8736,343
1198,XV_20190427T083601_nrg,XV_20190427T083601_nrg,7840_6272,610
1199,YA_20190427T083601_nrg,YA_20190427T083601_nrg,2016_1568,50
1200,YA_20190427T083601_nrg,YA_20190427T083601_nrg,2688_3136,268
1201,XA_20190527T110449_nrg,XA_20190527T110449_nrg,10752_2688,275
1202,XV_20190527T083601_nrg,XV_20190527T083601_nrg,3136_8512,2008
1203,WV_20190527T083601_nrg,WV_20190527T083601_nrg,4256_10528,945
1204,YV_20190527T083601_nrg,YV_20190527T083601_nrg,2464_4928,887
1205,XV_20190427T083601_nrg,XV_20190427T083601_nrg,5376_6496,1487
1206,XV_20190427T083601_nrg,XV_20190427T083601_nrg,224_7840,42
1207,XV_20190427T083601_nrg,XV_20190427T083601_nrg,1120_7840,938
1208,YV_20190427T083601_nrg,YV_20190427T083601_nrg,7616_3136,108
1209,XV_20190427T083601_nrg,XV_20190427T083601_nrg,896_9632,3355
1210,XV_20190527T083601_nrg,XV_20190527T083601_nrg,3584_2688,270
1211,XV_20190527T083601_nrg,XV_20190527T083601_nrg,6272_8736,1485
1212,YA_20190427T083601_nrg,YA_20190427T083601_nrg,3808_1120,28
1213,XV_20190527T083601_nrg,XV_20190527T083601_nrg,4480_1792,890
1214,XV_20190427T083601_nrg,XV_20190427T083601_nrg,1568_7392,491
1215,WV_20190527T083601_nrg,WV_20190527T083601_nrg,4256_8288,718
1216,XA_20190427T083601_nrg,XA_20190427T083601_nrg,5824_5824,16
1217,YA_20190427T083601_nrg,YA_20190427T083601_nrg,8736_7840,443
1218,XA_20190527T110449_nrg,XA_20190527T110449_nrg,4480_8960,55
1219,XV_20190527T083601_nrg,XV_20190527T083601_nrg,10304_10528,683
1220,YA_20190527T083601_nrg,YA_20190527T083601_nrg,4256_672,262
1221,XA_20190427T083601_nrg,XA_20190427T083601_nrg,10752_7168,3
1222,YV_20190527T083601_nrg,YV_20190527T083601_nrg,10304_896,204
1223,YV_20190527T083601_nrg,YV_20190527T083601_nrg,224_2912,262
1224,XA_20190527T110449_nrg,XA_20190527T110449_nrg,6272_8064,75
1225,XA_20190527T110449_nrg,XA_20190527T110449_nrg,10304_4704,425
1226,XA_20190427T083601_nrg,XA_20190427T083601_nrg,6272_8736,1305
1227,XV_20190527T083601_nrg,XV_20190527T083601_nrg,224_7392,1252
1228,YV_20190527T083601_nrg,YV_20190527T083601_nrg,224_2016,6480
1229,YA_20190427T083601_nrg,YA_20190427T083601_nrg,1568_2912,1378
1230,XA_20190527T110449_nrg,XA_20190527T110449_nrg,10528_4480,507
1231,XV_20190527T083601_nrg,XV_20190527T083601_nrg,2016_10080,1288
1232,XV_20190527T083601_nrg,XV_20190527T083601_nrg,3808_6496,114
1233,YV_20190427T083601_nrg,YV_20190427T083601_nrg,1792_224,282
1234,XA_20190427T083601_nrg,XA_20190427T083601_nrg,10528_10752,928
1235,WV_20190427T083601_nrg,WV_20190427T083601_nrg,2688_8960,526
1236,XV_20190427T083601_nrg,XV_20190427T083601_nrg,224_4704,376
1237,XV_20190427T083601_nrg,XV_20190427T083601_nrg,9632_9632,288
1238,XA_20190527T110449_nrg,XA_20190527T110449_nrg,6272_7616,218
1239,YA_20190427T083601_nrg,YA_20190427T083601_nrg,10752_1792,226
1240,WV_20190527T083601_nrg,WV_20190527T083601_nrg,2688_8960,526
1241,YA_20190427T083601_nrg,YA_20190427T083601_nrg,5824_0,210
1242,XA_20190527T110449_nrg,XA_20190527T110449_nrg,6720_6048,222
1243,YV_20190527T083601_nrg,YV_20190527T083601_nrg,1344_4256,703
1244,XV_20190427T083601_nrg,XV_20190427T083601_nrg,1120_7168,517
1245,XV_20190427T083601_nrg,XV_20190427T083601_nrg,0_4032,1094
1246,XA_20190527T110449_nrg,XA_20190527T110449_nrg,10304_10528,415
1247,YV_20190527T083601_nrg,YV_20190527T083601_nrg,9856_224,75
1248,YA_20190527T083601_nrg,YA_20190527T083601_nrg,5824_4704,156
1249,YV_20190427T083601_nrg,YV_20190427T083601_nrg,2240_4480,405
1250,XV_20190527T083601_nrg,XV_20190527T083601_nrg,2912_6048,697
1251,XA_20190527T110449_nrg,XA_20190527T110449_nrg,10752_3584,3828
1252,XV_20190527T083601_nrg,XV_20190527T083601_nrg,2240_10304,208
1253,YA_20190427T083601_nrg,YA_20190427T083601_nrg,4256_672,262
1254,WV_20190427T083601_nrg,WV_20190427T083601_nrg,0_8736,2712
1255,XV_20190527T083601_nrg,XV_20190527T083601_nrg,896_9408,5209
1256,WV_20190427T083601_nrg,WV_20190427T083601_nrg,2016_8288,1523
1257,WV_20190527T083601_nrg,WV_20190527T083601_nrg,2912_7616,46
1258,XV_20190427T083601_nrg,XV_20190427T083601_nrg,0_224,701
1259,WV_20190427T083601_nrg,WV_20190427T083601_nrg,4704_8512,560
1260,XA_20190427T083601_nrg,XA_20190427T083601_nrg,10080_8288,993
1261,YV_20190527T083601_nrg,YV_20190527T083601_nrg,0_2464,1932
1262,WV_20190427T083601_nrg,WV_20190427T083601_nrg,896_8960,786
1263,XV_20190527T083601_nrg,XV_20190527T083601_nrg,672_4032,92
1264,YA_20190427T083601_nrg,YA_20190427T083601_nrg,9632_6720,152
1265,YA_20190427T083601_nrg,YA_20190427T083601_nrg,6272_7392,654
1266,XV_20190527T083601_nrg,XV_20190527T083601_nrg,10528_10528,1836
1267,XA_20190427T083601_nrg,XA_20190427T083601_nrg,4928_4256,385
1268,YV_20190527T083601_nrg,YV_20190527T083601_nrg,896_2240,1208
1269,XA_20190427T083601_nrg,XA_20190427T083601_nrg,6944_5824,95
1270,XV_20190427T083601_nrg,XV_20190427T083601_nrg,2016_9632,2704
1271,XA_20190427T083601_nrg,XA_20190427T083601_nrg,6944_7392,867
1272,XV_20190427T083601_nrg,XV_20190427T083601_nrg,6496_5600,246
1273,XV_20190527T083601_nrg,XV_20190527T083601_nrg,1120_9184,680
1274,YV_20190527T083601_nrg,YV_20190527T083601_nrg,7616_3136,108
1275,YA_20190527T083601_nrg,YA_20190527T083601_nrg,6272_7392,654
1276,WV_20190427T083601_nrg,WV_20190427T083601_nrg,10528_8960,5
1277,YA_20190527T083601_nrg,YA_20190527T083601_nrg,10080_8288,1179
1278,YV_20190527T083601_nrg,YV_20190527T083601_nrg,10528_672,2740
1279,XA_20190527T110449_nrg,XA_20190527T110449_nrg,6048_8736,82
1280,YA_20190527T083601_nrg,YA_20190527T083601_nrg,7616_7168,394
1281,WV_20190527T083601_nrg,WV_20190527T083601_nrg,4480_8736,455
1282,XA_20190427T083601_nrg,XA_20190427T083601_nrg,4480_4928,385
1283,XV_20190427T083601_nrg,XV_20190427T083601_nrg,9856_10080,1979
1284,XV_20190427T083601_nrg,XV_20190427T083601_nrg,2240_9856,1571
1285,YV_20190427T083601_nrg,YV_20190427T083601_nrg,2688_1792,117
1286,XA_20190527T110449_nrg,XA_20190527T110449_nrg,6944_4032,75
1287,XV_20190527T083601_nrg,XV_20190527T083601_nrg,1120_8288,26
1288,XV_20190527T083601_nrg,XV_20190527T083601_nrg,448_6048,528
1289,XV_20190427T083601_nrg,XV_20190427T083601_nrg,0_4704,14
1290,XV_20190427T083601_nrg,XV_20190427T083601_nrg,2016_6048,55
1291,XA_20190427T083601_nrg,XA_20190427T083601_nrg,4928_4480,67
1292,YA_20190427T083601_nrg,YA_20190427T083601_nrg,2688_1344,901
1293,XA_20190527T110449_nrg,XA_20190527T110449_nrg,3584_8512,71
1294,XV_20190427T083601_nrg,XV_20190427T083601_nrg,9632_10528,98
1295,YA_20190527T083601_nrg,YA_20190527T083601_nrg,10304_896,4356
1296,XV_20190527T083601_nrg,XV_20190527T083601_nrg,2016_2240,599
1297,XV_20190527T083601_nrg,XV_20190527T083601_nrg,448_7168,1446
1298,YA_20190527T083601_nrg,YA_20190527T083601_nrg,2688_4032,41
1299,YA_20190427T083601_nrg,YA_20190427T083601_nrg,8512_6496,50
1300,XA_20190427T083601_nrg,XA_20190427T083601_nrg,4928_8064,942
1301,XV_20190427T083601_nrg,XV_20190427T083601_nrg,3136_1568,528
1302,YA_20190427T083601_nrg,YA_20190427T083601_nrg,1344_2016,517
1303,XA_20190427T083601_nrg,XA_20190427T083601_nrg,6272_5600,1124
1304,XA_20190427T083601_nrg,XA_20190427T083601_nrg,896_10080,854
1305,YA_20190527T083601_nrg,YA_20190527T083601_nrg,10080_1792,1866
1306,YA_20190527T083601_nrg,YA_20190527T083601_nrg,1792_896,166
1307,XA_20190527T110449_nrg,XA_20190527T110449_nrg,4032_4704,165
1308,XA_20190527T110449_nrg,XA_20190527T110449_nrg,10528_6944,565
1309,XV_20190427T083601_nrg,XV_20190427T083601_nrg,672_5824,504
1310,YA_20190527T083601_nrg,YA_20190527T083601_nrg,8736_8512,1789
1311,XA_20190527T110449_nrg,XA_20190527T110449_nrg,1568_10304,1377
1312,XV_20190527T083601_nrg,XV_20190527T083601_nrg,3808_5600,205
1313,YA_20190427T083601_nrg,YA_20190427T083601_nrg,2016_0,318
1314,XV_20190527T083601_nrg,XV_20190527T083601_nrg,2688_6720,63
1315,YA_20190427T083601_nrg,YA_20190427T083601_nrg,6496_7392,266
1316,XV_20190527T083601_nrg,XV_20190527T083601_nrg,8736_7168,1724
1317,YV_20190527T083601_nrg,YV_20190527T083601_nrg,7840_3360,655
1318,YA_20190427T083601_nrg,YA_20190427T083601_nrg,9408_7840,1266
1319,XA_20190527T110449_nrg,XA_20190527T110449_nrg,6720_9856,2082
1320,WV_20190527T083601_nrg,WV_20190527T083601_nrg,1568_9184,4210
1321,XV_20190427T083601_nrg,XV_20190427T083601_nrg,4480_1120,1188
1322,WV_20190527T083601_nrg,WV_20190527T083601_nrg,5376_8736,199
1323,XA_20190527T110449_nrg,XA_20190527T110449_nrg,6720_6496,1859
1324,XV_20190527T083601_nrg,XV_20190527T083601_nrg,4256_8288,843
1325,XV_20190427T083601_nrg,XV_20190427T083601_nrg,4480_3584,37
1326,YA_20190527T083601_nrg,YA_20190527T083601_nrg,9856_1568,1845
1327,XV_20190427T083601_nrg,XV_20190427T083601_nrg,9408_8512,287
1328,YA_20190427T083601_nrg,YA_20190427T083601_nrg,5600_5600,8
1329,YA_20190527T083601_nrg,YA_20190527T083601_nrg,5152_2016,29
1330,YA_20190527T083601_nrg,YA_20190527T083601_nrg,2240_2688,1301
1331,WV_20190527T083601_nrg,WV_20190527T083601_nrg,672_8736,157
1332,YA_20190527T083601_nrg,YA_20190527T083601_nrg,4032_672,7
1333,XA_20190527T110449_nrg,XA_20190527T110449_nrg,5824_6496,128
1334,XA_20190527T110449_nrg,XA_20190527T110449_nrg,10080_10528,1097
1335,WV_20190427T083601_nrg,WV_20190427T083601_nrg,2912_8064,655
1336,YA_20190527T083601_nrg,YA_20190527T083601_nrg,3808_1120,28
1337,XA_20190527T110449_nrg,XA_20190527T110449_nrg,4256_4256,36
1338,WV_20190427T083601_nrg,WV_20190427T083601_nrg,0_10080,1165
1339,XA_20190527T110449_nrg,XA_20190527T110449_nrg,3584_5824,204
1340,XA_20190527T110449_nrg,XA_20190527T110449_nrg,10752_6944,62
1341,YA_20190527T083601_nrg,YA_20190527T083601_nrg,2688_2912,5753
1342,XV_20190527T083601_nrg,XV_20190527T083601_nrg,4480_1344,319
1343,WV_20190527T083601_nrg,WV_20190527T083601_nrg,2240_7840,1007
1344,XA_20190427T083601_nrg,XA_20190427T083601_nrg,7168_4480,557
1345,XA_20190427T083601_nrg,XA_20190427T083601_nrg,6944_9856,426
1346,XA_20190527T110449_nrg,XA_20190527T110449_nrg,10080_9184,411
1347,XV_20190527T083601_nrg,XV_20190527T083601_nrg,896_3584,3783
1348,XA_20190427T083601_nrg,XA_20190427T083601_nrg,3584_5376,53
1349,YA_20190527T083601_nrg,YA_20190527T083601_nrg,10304_2240,3672
1350,XV_20190427T083601_nrg,XV_20190427T083601_nrg,6272_8960,1058
1351,YA_20190527T083601_nrg,YA_20190527T083601_nrg,2688_1568,4124
1352,XA_20190527T110449_nrg,XA_20190527T110449_nrg,5152_4480,631
1353,YA_20190427T083601_nrg,YA_20190427T083601_nrg,6720_0,2353
1354,WV_20190527T083601_nrg,WV_20190527T083601_nrg,5152_8736,1325
1355,WV_20190427T083601_nrg,WV_20190427T083601_nrg,7392_8064,1833
1356,XA_20190527T110449_nrg,XA_20190527T110449_nrg,10304_5152,412
1357,XA_20190427T083601_nrg,XA_20190427T083601_nrg,5376_3584,85
1358,YV_20190427T083601_nrg,YV_20190427T083601_nrg,2464_1792,508
1359,WV_20190527T083601_nrg,WV_20190527T083601_nrg,224_9856,2868
1360,YV_20190427T083601_nrg,YV_20190427T083601_nrg,2240_2016,418
1361,YV_20190527T083601_nrg,YV_20190527T083601_nrg,0_8288,585
1362,YV_20190527T083601_nrg,YV_20190527T083601_nrg,2464_1792,508
1363,XA_20190527T110449_nrg,XA_20190527T110449_nrg,10528_2464,780
1364,XV_20190427T083601_nrg,XV_20190427T083601_nrg,2240_5600,477
1365,YA_20190527T083601_nrg,YA_20190527T083601_nrg,9408_7840,1266
1366,XA_20190427T083601_nrg,XA_20190427T083601_nrg,4480_4032,127
1367,WV_20190527T083601_nrg,WV_20190527T083601_nrg,7616_8064,160
1368,XA_20190427T083601_nrg,XA_20190427T083601_nrg,10528_5824,659
1369,XV_20190427T083601_nrg,XV_20190427T083601_nrg,3584_4256,2051
1370,XA_20190527T110449_nrg,XA_20190527T110449_nrg,6944_7168,321
1371,YA_20190427T083601_nrg,YA_20190427T083601_nrg,10080_2240,2173
1372,XV_20190427T083601_nrg,XV_20190427T083601_nrg,6272_2688,37
1373,XA_20190527T110449_nrg,XA_20190527T110449_nrg,6496_6048,341
1374,XV_20190527T083601_nrg,XV_20190527T083601_nrg,9856_10528,459
1375,WV_20190427T083601_nrg,WV_20190427T083601_nrg,1792_9184,1719
1376,YV_20190527T083601_nrg,YV_20190527T083601_nrg,2240_4480,405
1377,YA_20190527T083601_nrg,YA_20190527T083601_nrg,8064_8512,137
1378,WV_20190527T083601_nrg,WV_20190527T083601_nrg,4704_8736,679
1379,XA_20190427T083601_nrg,XA_20190427T083601_nrg,6272_9184,1403
1380,YA_20190527T083601_nrg,YA_20190527T083601_nrg,9408_8288,441
1381,YV_20190427T083601_nrg,YV_20190427T083601_nrg,2016_2688,154
1382,XA_20190527T110449_nrg,XA_20190527T110449_nrg,10080_8064,4791
1383,XV_20190427T083601_nrg,XV_20190427T083601_nrg,1120_8512,127
1384,XA_20190527T110449_nrg,XA_20190527T110449_nrg,8512_7392,136
1385,XA_20190427T083601_nrg,XA_20190427T083601_nrg,2912_10304,314
1386,YV_20190427T083601_nrg,YV_20190427T083601_nrg,224_1120,362
1387,XV_20190427T083601_nrg,XV_20190427T083601_nrg,9632_10080,494
1388,XV_20190427T083601_nrg,XV_20190427T083601_nrg,0_7168,8
1389,YA_20190427T083601_nrg,YA_20190427T083601_nrg,2016_2240,331
1390,XV_20190427T083601_nrg,XV_20190427T083601_nrg,0_8512,1929
1391,YA_20190427T083601_nrg,YA_20190427T083601_nrg,3584_5824,13
1392,XV_20190527T083601_nrg,XV_20190527T083601_nrg,2240_4480,585
1393,XV_20190527T083601_nrg,XV_20190527T083601_nrg,448_5824,155
1394,YA_20190527T083601_nrg,YA_20190527T083601_nrg,2464_3808,241
1395,XV_20190527T083601_nrg,XV_20190527T083601_nrg,1344_2912,1358
1396,XA_20190427T083601_nrg,XA_20190427T083601_nrg,6272_5376,4026
1397,XV_20190527T083601_nrg,XV_20190527T083601_nrg,896_4256,582
1398,WV_20190527T083601_nrg,WV_20190527T083601_nrg,2016_8512,3884
1399,YV_20190527T083601_nrg,YV_20190527T083601_nrg,672_2688,3002
1400,YA_20190427T083601_nrg,YA_20190427T083601_nrg,9856_2240,4206
1401,XA_20190527T110449_nrg,XA_20190527T110449_nrg,3808_4256,1149
1402,XA_20190527T110449_nrg,XA_20190527T110449_nrg,10304_6720,52
1403,YA_20190527T083601_nrg,YA_20190527T083601_nrg,5824_8512,27
1404,XV_20190427T083601_nrg,XV_20190427T083601_nrg,2688_9408,1406
1405,WV_20190427T083601_nrg,WV_20190427T083601_nrg,0_9408,20
1406,XA_20190527T110449_nrg,XA_20190527T110449_nrg,2688_8512,113
1407,YV_20190427T083601_nrg,YV_20190427T083601_nrg,1120_2240,1021
1408,WV_20190427T083601_nrg,WV_20190427T083601_nrg,4928_8064,2312
1409,XV_20190527T083601_nrg,XV_20190527T083601_nrg,2912_8736,158
1410,XA_20190427T083601_nrg,XA_20190427T083601_nrg,9856_8736,502
1411,XV_20190527T083601_nrg,XV_20190527T083601_nrg,10304_10080,457
1412,XV_20190427T083601_nrg,XV_20190427T083601_nrg,224_7616,2733
1413,YV_20190527T083601_nrg,YV_20190527T083601_nrg,3360_2912,546
1414,XV_20190427T083601_nrg,XV_20190427T083601_nrg,2688_6720,63
1415,XA_20190427T083601_nrg,XA_20190427T083601_nrg,5152_4480,631
1416,XA_20190427T083601_nrg,XA_20190427T083601_nrg,8960_6720,18
1417,YA_20190527T083601_nrg,YA_20190527T083601_nrg,6496_8736,117
1418,YA_20190527T083601_nrg,YA_20190527T083601_nrg,6496_7392,266
1419,XV_20190427T083601_nrg,XV_20190427T083601_nrg,224_0,1615
1420,XA_20190427T083601_nrg,XA_20190427T083601_nrg,4480_10752,41
1421,XV_20190527T083601_nrg,XV_20190527T083601_nrg,5376_6720,19
1422,WV_20190527T083601_nrg,WV_20190527T083601_nrg,2016_7840,1386
1423,YA_20190527T083601_nrg,YA_20190527T083601_nrg,6944_9184,191
1424,XA_20190527T110449_nrg,XA_20190527T110449_nrg,4928_4480,67
1425,WV_20190527T083601_nrg,WV_20190527T083601_nrg,1792_9184,1719
1426,YV_20190427T083601_nrg,YV_20190427T083601_nrg,3136_2912,4
1427,XV_20190527T083601_nrg,XV_20190527T083601_nrg,9632_9408,1278
1428,YV_20190527T083601_nrg,YV_20190527T083601_nrg,0_1792,408
1429,YA_20190527T083601_nrg,YA_20190527T083601_nrg,6720_7840,266
1430,XV_20190527T083601_nrg,XV_20190527T083601_nrg,10528_10752,904
1431,WV_20190427T083601_nrg,WV_20190427T083601_nrg,4480_8512,370
1432,XA_20190427T083601_nrg,XA_20190427T083601_nrg,3808_7616,261
1433,XA_20190427T083601_nrg,XA_20190427T083601_nrg,6720_4928,56
1434,YV_20190427T083601_nrg,YV_20190427T083601_nrg,0_2016,553
1435,WV_20190427T083601_nrg,WV_20190427T083601_nrg,2688_8064,108
1436,YA_20190427T083601_nrg,YA_20190427T083601_nrg,9856_896,1010
1437,WV_20190527T083601_nrg,WV_20190527T083601_nrg,3808_8512,157
1438,YV_20190527T083601_nrg,YV_20190527T083601_nrg,9408_448,255
1439,XA_20190427T083601_nrg,XA_20190427T083601_nrg,5824_6720,121
1440,YA_20190527T083601_nrg,YA_20190527T083601_nrg,9184_7616,604
1441,YA_20190527T083601_nrg,YA_20190527T083601_nrg,5600_8288,543
1442,WV_20190527T083601_nrg,WV_20190527T083601_nrg,4256_10752,1059
1443,YV_20190527T083601_nrg,YV_20190527T083601_nrg,2016_2688,154
1444,YA_20190427T083601_nrg,YA_20190427T083601_nrg,1568_448,24
1445,XA_20190427T083601_nrg,XA_20190427T083601_nrg,5824_9408,157
1446,XA_20190527T110449_nrg,XA_20190527T110449_nrg,10528_10752,928
1447,XA_20190427T083601_nrg,XA_20190427T083601_nrg,10080_0,2444
1448,YA_20190527T083601_nrg,YA_20190527T083601_nrg,6720_448,50
1449,XV_20190427T083601_nrg,XV_20190427T083601_nrg,1792_6944,5
1450,YA_20190427T083601_nrg,YA_20190427T083601_nrg,10752_2912,1
1451,YV_20190527T083601_nrg,YV_20190527T083601_nrg,448_896,1108
1452,YA_20190427T083601_nrg,YA_20190427T083601_nrg,5600_8960,768
1453,XA_20190427T083601_nrg,XA_20190427T083601_nrg,6944_4032,75
1454,XV_20190427T083601_nrg,XV_20190427T083601_nrg,2464_7168,693
1455,YV_20190527T083601_nrg,YV_20190527T083601_nrg,0_1120,534
1456,XA_20190427T083601_nrg,XA_20190427T083601_nrg,5152_7840,2800
1457,YA_20190527T083601_nrg,YA_20190527T083601_nrg,8288_7392,173
1458,YA_20190427T083601_nrg,YA_20190427T083601_nrg,9408_7168,393
1459,YA_20190427T083601_nrg,YA_20190427T083601_nrg,6720_448,50
1460,YA_20190527T083601_nrg,YA_20190527T083601_nrg,8960_7840,671
1461,YA_20190527T083601_nrg,YA_20190527T083601_nrg,8064_7840,134
1462,YA_20190527T083601_nrg,YA_20190527T083601_nrg,10080_1120,534
1463,XA_20190427T083601_nrg,XA_20190427T083601_nrg,10752_3808,2135
1464,WV_20190527T083601_nrg,WV_20190527T083601_nrg,4704_8064,574
1465,XA_20190427T083601_nrg,XA_20190427T083601_nrg,6048_6944,928
1466,XA_20190527T110449_nrg,XA_20190527T110449_nrg,4480_4480,741
1467,YA_20190527T083601_nrg,YA_20190527T083601_nrg,2240_896,2118
1468,XA_20190427T083601_nrg,XA_20190427T083601_nrg,2688_8736,531
1469,XV_20190527T083601_nrg,XV_20190527T083601_nrg,7616_7392,80
1470,XV_20190427T083601_nrg,XV_20190427T083601_nrg,4032_6496,606
1471,XV_20190427T083601_nrg,XV_20190427T083601_nrg,7840_6048,151
1472,WV_20190527T083601_nrg,WV_20190527T083601_nrg,3136_9408,1868
1473,WV_20190527T083601_nrg,WV_20190527T083601_nrg,3584_8064,426
1474,YV_20190527T083601_nrg,YV_20190527T083601_nrg,4032_4704,549
1475,XA_20190427T083601_nrg,XA_20190427T083601_nrg,10304_2912,1615
1476,YA_20190427T083601_nrg,YA_20190427T083601_nrg,5824_8960,33
1477,XV_20190527T083601_nrg,XV_20190527T083601_nrg,6496_5600,246
1478,YA_20190427T083601_nrg,YA_20190427T083601_nrg,6720_8736,345
1479,XA_20190427T083601_nrg,XA_20190427T083601_nrg,10528_4256,412
1480,XV_20190527T083601_nrg,XV_20190527T083601_nrg,6272_2688,37
